{"stats":{"minecraft:mined":{"minecraft:iron_ore":6,"minecraft:birch_log":7,"minecraft:andesite":41,"minecraft:birch_leaves":4,"minecraft:torch":3,"minecraft:crafting_table":1,"minecraft:granite":28,"minecraft:oak_log":10,"minecraft:pointed_dripstone":3,"minecraft:coal_ore":22,"minecraft:dirt":1,"minecraft:dripstone_block":11,"minecraft:copper_ore":5,"minecraft:cobblestone":4,"minecraft:stone":146,"minecraft:deepslate":4,"minecraft:diorite":9,"minecraft:oak_leaves":6,"minecraft:wall_torch":6},"minecraft:broken":{"minecraft:stone_pickaxe":2},"minecraft:killed_by":{"minecraft:skeleton":3},"minecraft:used":{"minecraft:oak_trapdoor":1,"minecraft:wooden_axe":16,"minecraft:diorite":1,"minecraft:stone_pickaxe":240,"minecraft:wooden_pickaxe":50,"minecraft:torch":21,"minecraft:cobblestone":93,"minecraft:crafting_table":2,"minecraft:dripstone_block":10,"minecraft:cobbled_deepslate":5,"minecraft:granite":2},"minecraft:custom":{"minecraft:time_since_rest":6260,"minecraft:interact_with_furnace":4,"minecraft:sprint_one_cm":18614,"minecraft:damage_taken":790,"minecraft:walk_one_cm":119667,"minecraft:mob_kills":2,"minecraft:drop":5,"minecraft:damage_dealt":400,"minecraft:interact_with_crafting_table":7,"minecraft:fly_one_cm":14804,"minecraft:crouch_one_cm":10975,"minecraft:play_time":44134,"minecraft:deaths":3,"minecraft:sneak_time":5962,"minecraft:jump":322,"minecraft:leave_game":2,"minecraft:walk_on_water_one_cm":308,"minecraft:time_since_death":6210,"minecraft:total_world_time":44134,"minecraft:fall_one_cm":13354},"minecraft:dropped":{"minecraft:rotten_flesh":4,"minecraft:wooden_pickaxe":1},"minecraft:crafted":{"minecraft:oak_planks":40,"minecraft:crafting_table":2,"minecraft:stick":60,"minecraft:wooden_pickaxe":1,"minecraft:stone_pickaxe":3,"minecraft:wooden_axe":1,"minecraft:birch_planks":28,"minecraft:torch":40,"minecraft:oak_trapdoor":2},"minecraft:picked_up":{"minecraft:birch_log":7,"minecraft:raw_iron":12,"minecraft:crafting_table":2,"minecraft:andesite":64,"minecraft:torch":8,"minecraft:dripstone_block":10,"minecraft:oak_log":10,"minecraft:pointed_dripstone":6,"minecraft:diorite":13,"minecraft:oak_trapdoor":1,"minecraft:raw_copper":32,"minecraft:arrow":1,"minecraft:rotten_flesh":4,"minecraft:cobbled_deepslate":5,"minecraft:stone_pickaxe":3,"minecraft:granite":35,"minecraft:oak_planks":18,"minecraft:birch_sapling":2,"minecraft:coal":62,"minecraft:cobblestone":147,"minecraft:wooden_axe":1},"minecraft:killed":{"minecraft:zombie":2}},"DataVersion":3953}