{"stats":{"minecraft:mined":{"minecraft:oak_log":10,"minecraft:oak_leaves":6},"minecraft:picked_up":{"minecraft:oak_log":10},"minecraft:custom":{"minecraft:jump":45,"minecraft:time_since_rest":2604,"minecraft:leave_game":1,"minecraft:sprint_one_cm":2121,"minecraft:play_time":2604,"minecraft:damage_taken":20,"minecraft:time_since_death":2604,"minecraft:walk_one_cm":11423,"minecraft:sneak_time":40,"minecraft:total_world_time":2604,"minecraft:fall_one_cm":1626,"minecraft:fly_one_cm":1636}},"DataVersion":3953}