{"stats":{"minecraft:mined":{"minecraft:iron_ore":6,"minecraft:birch_log":2,"minecraft:andesite":37,"minecraft:birch_leaves":4,"minecraft:torch":2,"minecraft:crafting_table":1,"minecraft:granite":15,"minecraft:oak_log":10,"minecraft:pointed_dripstone":3,"minecraft:coal_ore":22,"minecraft:dripstone_block":3,"minecraft:copper_ore":5,"minecraft:cobblestone":4,"minecraft:stone":113,"minecraft:diorite":5,"minecraft:oak_leaves":6,"minecraft:wall_torch":4},"minecraft:broken":{"minecraft:stone_pickaxe":1},"minecraft:killed_by":{"minecraft:skeleton":2},"minecraft:used":{"minecraft:oak_trapdoor":1,"minecraft:wooden_axe":16,"minecraft:diorite":1,"minecraft:stone_pickaxe":170,"minecraft:wooden_pickaxe":50,"minecraft:torch":17,"minecraft:cobblestone":76,"minecraft:crafting_table":2,"minecraft:dripstone_block":2,"minecraft:cobbled_deepslate":1,"minecraft:granite":2},"minecraft:custom":{"minecraft:time_since_rest":10270,"minecraft:interact_with_furnace":4,"minecraft:sprint_one_cm":12051,"minecraft:damage_taken":690,"minecraft:walk_one_cm":77532,"minecraft:mob_kills":2,"minecraft:drop":5,"minecraft:damage_dealt":400,"minecraft:interact_with_crafting_table":6,"minecraft:fly_one_cm":9859,"minecraft:crouch_one_cm":8982,"minecraft:play_time":32134,"minecraft:deaths":2,"minecraft:sneak_time":5300,"minecraft:jump":201,"minecraft:leave_game":2,"minecraft:walk_on_water_one_cm":198,"minecraft:time_since_death":10244,"minecraft:total_world_time":32134,"minecraft:fall_one_cm":10002},"minecraft:dropped":{"minecraft:rotten_flesh":4,"minecraft:wooden_pickaxe":1},"minecraft:crafted":{"minecraft:oak_planks":40,"minecraft:crafting_table":2,"minecraft:stick":20,"minecraft:wooden_pickaxe":1,"minecraft:stone_pickaxe":3,"minecraft:wooden_axe":1,"minecraft:birch_planks":8,"minecraft:torch":40,"minecraft:oak_trapdoor":2},"minecraft:picked_up":{"minecraft:birch_log":2,"minecraft:raw_iron":12,"minecraft:crafting_table":2,"minecraft:andesite":62,"minecraft:torch":5,"minecraft:dripstone_block":2,"minecraft:oak_log":10,"minecraft:pointed_dripstone":4,"minecraft:diorite":9,"minecraft:oak_trapdoor":1,"minecraft:raw_copper":32,"minecraft:rotten_flesh":4,"minecraft:cobbled_deepslate":1,"minecraft:stone_pickaxe":3,"minecraft:granite":22,"minecraft:oak_planks":18,"minecraft:birch_sapling":2,"minecraft:coal":62,"minecraft:cobblestone":115,"minecraft:wooden_axe":1},"minecraft:killed":{"minecraft:zombie":2}},"DataVersion":3953}