{"stats":{"minecraft:mined":{"minecraft:oak_trapdoor":1,"minecraft:iron_ore":7,"minecraft:birch_log":7,"minecraft:andesite":41,"minecraft:birch_leaves":4,"minecraft:torch":4,"minecraft:crafting_table":2,"minecraft:granite":28,"minecraft:oak_log":15,"minecraft:pointed_dripstone":3,"minecraft:coal_ore":22,"minecraft:dirt":1,"minecraft:dripstone_block":11,"minecraft:copper_ore":5,"minecraft:cobblestone":4,"minecraft:stone":169,"minecraft:deepslate":7,"minecraft:diorite":9,"minecraft:oak_leaves":7,"minecraft:wall_torch":6},"minecraft:broken":{"minecraft:stone_pickaxe":2},"minecraft:killed_by":{"minecraft:skeleton":3},"minecraft:used":{"minecraft:oak_trapdoor":1,"minecraft:wooden_axe":16,"minecraft:diorite":1,"minecraft:stone_pickaxe":241,"minecraft:wooden_pickaxe":77,"minecraft:torch":22,"minecraft:cobblestone":93,"minecraft:crafting_table":2,"minecraft:oak_sapling":2,"minecraft:dripstone_block":10,"minecraft:cobbled_deepslate":6,"minecraft:granite":2},"minecraft:custom":{"minecraft:time_since_rest":18260,"minecraft:interact_with_furnace":4,"minecraft:sprint_one_cm":23049,"minecraft:damage_taken":810,"minecraft:walk_one_cm":142488,"minecraft:mob_kills":2,"minecraft:drop":6,"minecraft:damage_dealt":400,"minecraft:interact_with_crafting_table":9,"minecraft:fly_one_cm":14858,"minecraft:crouch_one_cm":12310,"minecraft:play_time":56134,"minecraft:deaths":3,"minecraft:sneak_time":6798,"minecraft:jump":421,"minecraft:leave_game":2,"minecraft:walk_on_water_one_cm":1006,"minecraft:time_since_death":18210,"minecraft:total_world_time":56134,"minecraft:fall_one_cm":14107},"minecraft:dropped":{"minecraft:rotten_flesh":4,"minecraft:wooden_pickaxe":2},"minecraft:crafted":{"minecraft:oak_planks":60,"minecraft:crafting_table":2,"minecraft:stick":60,"minecraft:wooden_pickaxe":2,"minecraft:stone_pickaxe":6,"minecraft:wooden_axe":1,"minecraft:birch_planks":28,"minecraft:torch":40,"minecraft:oak_trapdoor":2},"minecraft:picked_up":{"minecraft:birch_log":7,"minecraft:stick":2,"minecraft:raw_iron":13,"minecraft:crafting_table":3,"minecraft:andesite":64,"minecraft:torch":9,"minecraft:dripstone_block":10,"minecraft:oak_log":15,"minecraft:pointed_dripstone":6,"minecraft:diorite":13,"minecraft:oak_trapdoor":2,"minecraft:raw_copper":32,"minecraft:arrow":1,"minecraft:rotten_flesh":4,"minecraft:cobbled_deepslate":6,"minecraft:stone_pickaxe":3,"minecraft:granite":35,"minecraft:oak_sapling":2,"minecraft:oak_planks":18,"minecraft:birch_sapling":2,"minecraft:coal":62,"minecraft:cobblestone":170,"minecraft:wooden_axe":1},"minecraft:killed":{"minecraft:zombie":2}},"DataVersion":3953}