{"stats":{"minecraft:mined":{"minecraft:white_bed":8,"minecraft:deepslate_diamond_ore":5,"minecraft:clay":8,"minecraft:glow_lichen":1,"minecraft:crafting_table":3,"minecraft:torch":4,"minecraft:granite":48,"minecraft:short_grass":115,"minecraft:grass_block":218,"minecraft:chest":1,"minecraft:rose_bush":23,"minecraft:copper_ore":5,"minecraft:tall_grass":4,"minecraft:cobblestone":4,"minecraft:oak_planks":3,"minecraft:sugar_cane":4,"minecraft:wall_torch":6,"minecraft:diorite":9,"minecraft:pink_petals":344,"minecraft:oak_trapdoor":1,"minecraft:iron_ore":26,"minecraft:birch_log":7,"minecraft:cobbled_deepslate":6,"minecraft:wheat":3,"minecraft:birch_leaves":5,"minecraft:andesite":41,"minecraft:peony":2,"minecraft:coal_ore":89,"minecraft:pointed_dripstone":3,"minecraft:oak_log":366,"minecraft:dripstone_block":12,"minecraft:dirt":27,"minecraft:cherry_leaves":1,"minecraft:stone":205,"minecraft:oak_leaves":111,"minecraft:deepslate":67},"minecraft:broken":{"minecraft:stone_pickaxe":2,"minecraft:iron_axe":1,"minecraft:stone_axe":1,"minecraft:stone_shovel":1},"minecraft:killed_by":{"minecraft:skeleton":6,"minecraft:creeper":1,"minecraft:trader_llama":1},"minecraft:custom":{"minecraft:interact_with_furnace":31,"minecraft:mob_kills":36,"minecraft:interact_with_crafting_table":33,"minecraft:leave_game":9,"minecraft:time_since_death":1749,"minecraft:sleep_in_bed":7,"minecraft:time_since_rest":1500,"minecraft:sprint_one_cm":373096,"minecraft:damage_taken":2884,"minecraft:walk_one_cm":645544,"minecraft:drop":12,"minecraft:damage_dealt":3649,"minecraft:swim_one_cm":34247,"minecraft:fly_one_cm":579760,"minecraft:talked_to_villager":1,"minecraft:open_chest":53,"minecraft:play_time":205515,"minecraft:crouch_one_cm":23863,"minecraft:sneak_time":12618,"minecraft:deaths":8,"minecraft:walk_under_water_one_cm":3806,"minecraft:jump":3592,"minecraft:interact_with_blast_furnace":1,"minecraft:walk_on_water_one_cm":15560,"minecraft:total_world_time":205515,"minecraft:interact_with_smoker":6,"minecraft:fall_one_cm":112049},"minecraft:used":{"minecraft:oak_fence":1,"minecraft:wheat_seeds":18,"minecraft:cooked_mutton":3,"minecraft:diorite":1,"minecraft:stone_pickaxe":407,"minecraft:stone_shovel":252,"minecraft:oak_planks":3,"minecraft:chest":8,"minecraft:wooden_pickaxe":82,"minecraft:cooked_chicken":1,"minecraft:torch":28,"minecraft:dirt":86,"minecraft:mutton":4,"minecraft:crafting_table":6,"minecraft:white_bed":9,"minecraft:dripstone_block":10,"minecraft:granite":2,"minecraft:wooden_axe":16,"minecraft:wooden_hoe":33,"minecraft:iron_axe":251,"minecraft:iron_pickaxe":147,"minecraft:cooked_cod":8,"minecraft:cobblestone":105,"minecraft:stone_axe":131,"minecraft:pink_petals":4,"minecraft:oak_sapling":45,"minecraft:porkchop":5,"minecraft:furnace":3,"minecraft:cooked_porkchop":2,"minecraft:cooked_beef":5,"minecraft:cobbled_deepslate":44,"minecraft:oak_trapdoor":1},"minecraft:dropped":{"minecraft:cobbled_deepslate":3,"minecraft:diamond":1,"minecraft:rotten_flesh":4,"minecraft:stone_pickaxe":1,"minecraft:wooden_pickaxe":2,"minecraft:pink_petals":3},"minecraft:crafted":{"minecraft:cooked_beef":4,"minecraft:oak_planks":452,"minecraft:stone_shovel":2,"minecraft:cooked_porkchop":2,"minecraft:crafting_table":4,"minecraft:wooden_pickaxe":2,"minecraft:cooked_chicken":1,"minecraft:furnace":3,"minecraft:birch_planks":28,"minecraft:stone_axe":1,"minecraft:cooked_mutton":13,"minecraft:air":0,"minecraft:oak_trapdoor":2,"minecraft:wooden_hoe":1,"minecraft:shield":1,"minecraft:iron_axe":2,"minecraft:stick":60,"minecraft:iron_ingot":11,"minecraft:wooden_axe":1,"minecraft:iron_pickaxe":1,"minecraft:stone_pickaxe":6,"minecraft:oak_stairs":120,"minecraft:chest":7,"minecraft:white_bed":1,"minecraft:torch":48,"minecraft:oak_fence":3},"minecraft:picked_up":{"minecraft:birch_log":7,"minecraft:pink_petals":996,"minecraft:crafting_table":4,"minecraft:cooked_beef":5,"minecraft:clay_ball":64,"minecraft:andesite":64,"minecraft:salmon":4,"minecraft:leather":6,"minecraft:lead":4,"minecraft:wooden_pickaxe":2,"minecraft:oak_stairs":18,"minecraft:oak_log":523,"minecraft:wooden_hoe":2,"minecraft:oak_trapdoor":2,"minecraft:dirt":293,"minecraft:raw_copper":32,"minecraft:iron_axe":1,"minecraft:cooked_mutton":10,"minecraft:apple":24,"minecraft:wheat_seeds":19,"minecraft:cobbled_deepslate":64,"minecraft:beef":8,"minecraft:stone_pickaxe":7,"minecraft:rose_bush":46,"minecraft:iron_pickaxe":3,"minecraft:sugar_cane":8,"minecraft:chest":3,"minecraft:birch_sapling":2,"minecraft:oak_planks":210,"minecraft:stick":98,"minecraft:raw_iron":39,"minecraft:cooked_porkchop":1,"minecraft:torch":14,"minecraft:dripstone_block":12,"minecraft:porkchop":34,"minecraft:pointed_dripstone":8,"minecraft:diorite":13,"minecraft:white_bed":9,"minecraft:arrow":1,"minecraft:stone_shovel":1,"minecraft:rotten_flesh":4,"minecraft:cooked_cod":8,"minecraft:diamond":11,"minecraft:stone_axe":1,"minecraft:peony":2,"minecraft:granite":55,"minecraft:oak_sapling":53,"minecraft:mutton":30,"minecraft:coal":162,"minecraft:white_wool":21,"minecraft:cobblestone":243,"minecraft:wooden_axe":1},"minecraft:killed":{"minecraft:pig":16,"minecraft:salmon":2,"minecraft:wandering_trader":1,"minecraft:sheep":13,"minecraft:zombie":2,"minecraft:cow":2}},"DataVersion":3953}