{"stats":{"minecraft:mined":{"minecraft:white_bed":8,"minecraft:deepslate_diamond_ore":5,"minecraft:clay":8,"minecraft:crafting_table":3,"minecraft:torch":4,"minecraft:granite":48,"minecraft:short_grass":115,"minecraft:grass_block":214,"minecraft:chest":1,"minecraft:rose_bush":23,"minecraft:copper_ore":5,"minecraft:tall_grass":4,"minecraft:cobblestone":4,"minecraft:oak_planks":3,"minecraft:sugar_cane":4,"minecraft:wall_torch":6,"minecraft:diorite":9,"minecraft:pink_petals":343,"minecraft:oak_trapdoor":1,"minecraft:iron_ore":22,"minecraft:birch_log":7,"minecraft:cobbled_deepslate":6,"minecraft:wheat":3,"minecraft:birch_leaves":5,"minecraft:andesite":41,"minecraft:peony":2,"minecraft:coal_ore":54,"minecraft:pointed_dripstone":3,"minecraft:oak_log":366,"minecraft:dripstone_block":12,"minecraft:cherry_leaves":1,"minecraft:dirt":25,"minecraft:stone":186,"minecraft:oak_leaves":111,"minecraft:deepslate":67},"minecraft:broken":{"minecraft:stone_pickaxe":2,"minecraft:iron_axe":1,"minecraft:stone_axe":1,"minecraft:stone_shovel":1},"minecraft:killed_by":{"minecraft:skeleton":5,"minecraft:trader_llama":1},"minecraft:custom":{"minecraft:interact_with_furnace":31,"minecraft:mob_kills":36,"minecraft:interact_with_crafting_table":30,"minecraft:leave_game":8,"minecraft:time_since_death":37247,"minecraft:sleep_in_bed":6,"minecraft:time_since_rest":4766,"minecraft:sprint_one_cm":324368,"minecraft:damage_taken":2244,"minecraft:walk_one_cm":612002,"minecraft:drop":12,"minecraft:damage_dealt":3649,"minecraft:swim_one_cm":34247,"minecraft:talked_to_villager":1,"minecraft:fly_one_cm":442613,"minecraft:open_chest":41,"minecraft:play_time":188246,"minecraft:crouch_one_cm":23686,"minecraft:sneak_time":12569,"minecraft:deaths":6,"minecraft:walk_under_water_one_cm":3806,"minecraft:jump":3008,"minecraft:interact_with_blast_furnace":1,"minecraft:walk_on_water_one_cm":14222,"minecraft:total_world_time":188246,"minecraft:interact_with_smoker":6,"minecraft:fall_one_cm":88091},"minecraft:used":{"minecraft:oak_fence":1,"minecraft:wheat_seeds":18,"minecraft:diorite":1,"minecraft:stone_pickaxe":368,"minecraft:stone_shovel":252,"minecraft:oak_planks":3,"minecraft:chest":8,"minecraft:wooden_pickaxe":82,"minecraft:cooked_chicken":1,"minecraft:torch":22,"minecraft:dirt":85,"minecraft:mutton":4,"minecraft:crafting_table":6,"minecraft:white_bed":8,"minecraft:dripstone_block":10,"minecraft:granite":2,"minecraft:wooden_axe":16,"minecraft:wooden_hoe":33,"minecraft:iron_axe":251,"minecraft:iron_pickaxe":122,"minecraft:cooked_cod":8,"minecraft:cobblestone":93,"minecraft:stone_axe":131,"minecraft:pink_petals":3,"minecraft:oak_sapling":45,"minecraft:porkchop":5,"minecraft:furnace":3,"minecraft:cooked_porkchop":1,"minecraft:cooked_beef":5,"minecraft:cobbled_deepslate":44,"minecraft:oak_trapdoor":1},"minecraft:dropped":{"minecraft:cobbled_deepslate":3,"minecraft:diamond":1,"minecraft:rotten_flesh":4,"minecraft:wooden_pickaxe":2,"minecraft:stone_pickaxe":1,"minecraft:pink_petals":3},"minecraft:crafted":{"minecraft:cooked_beef":4,"minecraft:oak_planks":452,"minecraft:stone_shovel":2,"minecraft:cooked_porkchop":2,"minecraft:crafting_table":4,"minecraft:cooked_chicken":1,"minecraft:wooden_pickaxe":2,"minecraft:furnace":3,"minecraft:birch_planks":28,"minecraft:stone_axe":1,"minecraft:cooked_mutton":13,"minecraft:air":0,"minecraft:oak_trapdoor":2,"minecraft:wooden_hoe":1,"minecraft:shield":1,"minecraft:iron_axe":2,"minecraft:stick":60,"minecraft:oak_stairs":40,"minecraft:iron_ingot":11,"minecraft:iron_pickaxe":1,"minecraft:stone_pickaxe":6,"minecraft:wooden_axe":1,"minecraft:chest":7,"minecraft:white_bed":1,"minecraft:torch":40,"minecraft:oak_fence":3},"minecraft:picked_up":{"minecraft:birch_log":7,"minecraft:pink_petals":979,"minecraft:crafting_table":4,"minecraft:cooked_beef":5,"minecraft:salmon":2,"minecraft:clay_ball":64,"minecraft:andesite":64,"minecraft:leather":6,"minecraft:lead":4,"minecraft:wooden_pickaxe":2,"minecraft:oak_log":363,"minecraft:wooden_hoe":1,"minecraft:oak_trapdoor":2,"minecraft:dirt":287,"minecraft:raw_copper":32,"minecraft:iron_axe":1,"minecraft:cooked_mutton":5,"minecraft:apple":12,"minecraft:wheat_seeds":19,"minecraft:cobbled_deepslate":64,"minecraft:beef":8,"minecraft:stone_pickaxe":5,"minecraft:rose_bush":23,"minecraft:iron_pickaxe":2,"minecraft:sugar_cane":6,"minecraft:chest":3,"minecraft:birch_sapling":2,"minecraft:oak_planks":62,"minecraft:stick":71,"minecraft:raw_iron":35,"minecraft:cooked_porkchop":1,"minecraft:torch":9,"minecraft:dripstone_block":12,"minecraft:porkchop":33,"minecraft:pointed_dripstone":8,"minecraft:diorite":13,"minecraft:white_bed":9,"minecraft:arrow":1,"minecraft:stone_shovel":1,"minecraft:rotten_flesh":4,"minecraft:cooked_cod":8,"minecraft:diamond":11,"minecraft:stone_axe":1,"minecraft:peony":2,"minecraft:granite":55,"minecraft:oak_sapling":53,"minecraft:mutton":30,"minecraft:coal":94,"minecraft:white_wool":21,"minecraft:cobblestone":206,"minecraft:wooden_axe":1},"minecraft:killed":{"minecraft:pig":16,"minecraft:salmon":2,"minecraft:wandering_trader":1,"minecraft:sheep":13,"minecraft:zombie":2,"minecraft:cow":2}},"DataVersion":3953}