{"stats":{"minecraft:mined":{"minecraft:deepslate_diamond_ore":5,"minecraft:crafting_table":2,"minecraft:torch":4,"minecraft:granite":48,"minecraft:short_grass":27,"minecraft:grass_block":3,"minecraft:tall_grass":3,"minecraft:copper_ore":5,"minecraft:cobblestone":4,"minecraft:sugar_cane":3,"minecraft:diorite":9,"minecraft:wall_torch":6,"minecraft:pink_petals":114,"minecraft:oak_trapdoor":1,"minecraft:birch_log":7,"minecraft:iron_ore":15,"minecraft:cobbled_deepslate":6,"minecraft:andesite":41,"minecraft:birch_leaves":4,"minecraft:peony":2,"minecraft:oak_log":20,"minecraft:pointed_dripstone":3,"minecraft:coal_ore":38,"minecraft:cherry_leaves":1,"minecraft:dripstone_block":12,"minecraft:dirt":2,"minecraft:stone":181,"minecraft:oak_leaves":27,"minecraft:deepslate":67},"minecraft:broken":{"minecraft:stone_pickaxe":2},"minecraft:killed_by":{"minecraft:skeleton":3},"minecraft:custom":{"minecraft:interact_with_furnace":7,"minecraft:mob_kills":17,"minecraft:interact_with_crafting_table":12,"minecraft:leave_game":3,"minecraft:time_since_death":47920,"minecraft:time_since_rest":47970,"minecraft:sprint_one_cm":90189,"minecraft:damage_taken":989,"minecraft:walk_one_cm":292885,"minecraft:drop":11,"minecraft:damage_dealt":1840,"minecraft:swim_one_cm":5154,"minecraft:fly_one_cm":91391,"minecraft:open_chest":1,"minecraft:crouch_one_cm":15940,"minecraft:play_time":85844,"minecraft:deaths":3,"minecraft:sneak_time":9338,"minecraft:walk_under_water_one_cm":113,"minecraft:jump":1098,"minecraft:interact_with_blast_furnace":1,"minecraft:walk_on_water_one_cm":2190,"minecraft:interact_with_smoker":6,"minecraft:total_world_time":85844,"minecraft:fall_one_cm":27067},"minecraft:used":{"minecraft:oak_trapdoor":1,"minecraft:diorite":1,"minecraft:stone_pickaxe":362,"minecraft:chest":1,"minecraft:wooden_pickaxe":79,"minecraft:torch":22,"minecraft:dirt":1,"minecraft:mutton":4,"minecraft:crafting_table":3,"minecraft:dripstone_block":10,"minecraft:granite":2,"minecraft:wooden_axe":16,"minecraft:iron_pickaxe":49,"minecraft:pink_petals":3,"minecraft:cobblestone":93,"minecraft:furnace":1,"minecraft:oak_sapling":2,"minecraft:cooked_cod":2,"minecraft:cooked_beef":1,"minecraft:cobbled_deepslate":44},"minecraft:dropped":{"minecraft:cobbled_deepslate":3,"minecraft:diamond":1,"minecraft:rotten_flesh":4,"minecraft:stone_pickaxe":1,"minecraft:wooden_pickaxe":2},"minecraft:crafted":{"minecraft:oak_planks":60,"minecraft:crafting_table":2,"minecraft:cooked_chicken":1,"minecraft:wooden_pickaxe":2,"minecraft:furnace":1,"minecraft:birch_planks":28,"minecraft:air":0,"minecraft:oak_trapdoor":2,"minecraft:shield":1,"minecraft:stick":60,"minecraft:iron_ingot":4,"minecraft:iron_pickaxe":1,"minecraft:stone_pickaxe":6,"minecraft:wooden_axe":1,"minecraft:chest":1,"minecraft:torch":40},"minecraft:picked_up":{"minecraft:wooden_axe":1,"minecraft:birch_log":7,"minecraft:pink_petals":272,"minecraft:crafting_table":3,"minecraft:cooked_beef":1,"minecraft:andesite":64,"minecraft:wooden_pickaxe":1,"minecraft:oak_log":20,"minecraft:dirt":4,"minecraft:oak_trapdoor":2,"minecraft:raw_copper":32,"minecraft:wheat_seeds":6,"minecraft:cobbled_deepslate":64,"minecraft:stone_pickaxe":3,"minecraft:sugar_cane":4,"minecraft:birch_sapling":2,"minecraft:oak_planks":19,"minecraft:stick":4,"minecraft:raw_iron":21,"minecraft:torch":9,"minecraft:dripstone_block":12,"minecraft:porkchop":23,"minecraft:pointed_dripstone":8,"minecraft:diorite":13,"minecraft:arrow":1,"minecraft:rotten_flesh":4,"minecraft:cooked_cod":8,"minecraft:diamond":6,"minecraft:peony":2,"minecraft:granite":55,"minecraft:oak_sapling":4,"minecraft:mutton":4,"minecraft:coal":78,"minecraft:white_wool":3,"minecraft:cobblestone":182},"minecraft:killed":{"minecraft:pig":12,"minecraft:sheep":3,"minecraft:zombie":2}},"DataVersion":3953}