{"stats":{"minecraft:mined":{"minecraft:iron_ore":6,"minecraft:birch_log":2,"minecraft:andesite":37,"minecraft:birch_leaves":4,"minecraft:crafting_table":1,"minecraft:granite":15,"minecraft:oak_log":10,"minecraft:pointed_dripstone":3,"minecraft:coal_ore":22,"minecraft:dripstone_block":3,"minecraft:copper_ore":5,"minecraft:cobblestone":4,"minecraft:stone":113,"minecraft:diorite":5,"minecraft:oak_leaves":6,"minecraft:wall_torch":4},"minecraft:broken":{"minecraft:stone_pickaxe":1},"minecraft:killed_by":{"minecraft:skeleton":1},"minecraft:used":{"minecraft:oak_trapdoor":1,"minecraft:wooden_axe":16,"minecraft:stone_pickaxe":168,"minecraft:wooden_pickaxe":50,"minecraft:torch":17,"minecraft:cobblestone":76,"minecraft:crafting_table":2,"minecraft:dripstone_block":2,"minecraft:granite":2},"minecraft:custom":{"minecraft:time_since_rest":796,"minecraft:interact_with_furnace":4,"minecraft:sprint_one_cm":4050,"minecraft:damage_taken":340,"minecraft:walk_one_cm":48702,"minecraft:mob_kills":2,"minecraft:drop":5,"minecraft:damage_dealt":400,"minecraft:interact_with_crafting_table":6,"minecraft:fly_one_cm":3465,"minecraft:crouch_one_cm":8756,"minecraft:play_time":20134,"minecraft:deaths":1,"minecraft:sneak_time":5255,"minecraft:jump":111,"minecraft:leave_game":2,"minecraft:time_since_death":757,"minecraft:total_world_time":20134,"minecraft:fall_one_cm":4613},"minecraft:dropped":{"minecraft:rotten_flesh":4,"minecraft:wooden_pickaxe":1},"minecraft:crafted":{"minecraft:oak_planks":40,"minecraft:crafting_table":2,"minecraft:stick":20,"minecraft:wooden_pickaxe":1,"minecraft:stone_pickaxe":3,"minecraft:wooden_axe":1,"minecraft:birch_planks":8,"minecraft:torch":40,"minecraft:oak_trapdoor":2},"minecraft:picked_up":{"minecraft:birch_log":2,"minecraft:raw_iron":6,"minecraft:crafting_table":1,"minecraft:andesite":31,"minecraft:torch":3,"minecraft:dripstone_block":2,"minecraft:oak_log":10,"minecraft:pointed_dripstone":2,"minecraft:diorite":4,"minecraft:raw_copper":16,"minecraft:rotten_flesh":4,"minecraft:granite":12,"minecraft:birch_sapling":1,"minecraft:coal":22,"minecraft:cobblestone":100},"minecraft:killed":{"minecraft:zombie":2}},"DataVersion":3953}