{"stats":{"minecraft:mined":{"minecraft:oak_log":10,"minecraft:birch_log":2,"minecraft:stone":44,"minecraft:birch_leaves":4,"minecraft:crafting_table":1,"minecraft:oak_leaves":6},"minecraft:used":{"minecraft:torch":2,"minecraft:wooden_axe":16,"minecraft:crafting_table":1,"minecraft:stone_pickaxe":15,"minecraft:wooden_pickaxe":31},"minecraft:custom":{"minecraft:time_since_rest":8556,"minecraft:interact_with_furnace":4,"minecraft:crouch_one_cm":379,"minecraft:sprint_one_cm":4050,"minecraft:play_time":8556,"minecraft:damage_taken":110,"minecraft:walk_one_cm":29557,"minecraft:sneak_time":436,"minecraft:mob_kills":2,"minecraft:drop":4,"minecraft:jump":85,"minecraft:damage_dealt":400,"minecraft:leave_game":1,"minecraft:time_since_death":8556,"minecraft:total_world_time":8556,"minecraft:interact_with_crafting_table":5,"minecraft:fall_one_cm":2044,"minecraft:fly_one_cm":3429},"minecraft:crafted":{"minecraft:oak_planks":40,"minecraft:torch":40,"minecraft:birch_planks":8,"minecraft:crafting_table":2,"minecraft:stick":20,"minecraft:wooden_pickaxe":1,"minecraft:stone_pickaxe":3,"minecraft:wooden_axe":1},"minecraft:dropped":{"minecraft:rotten_flesh":4},"minecraft:picked_up":{"minecraft:birch_log":2,"minecraft:crafting_table":1,"minecraft:rotten_flesh":4,"minecraft:oak_log":10,"minecraft:birch_sapling":1,"minecraft:cobblestone":39},"minecraft:killed":{"minecraft:zombie":2}},"DataVersion":3953}