{"stats":{"minecraft:broken":{"minecraft:stone_pickaxe":2,"minecraft:iron_axe":1,"minecraft:stone_axe":1,"minecraft:stone_shovel":1},"minecraft:mined":{"minecraft:white_bed":13,"minecraft:mossy_cobblestone":4,"minecraft:deepslate_diamond_ore":5,"minecraft:sea_lantern":1,"minecraft:glow_lichen":1,"minecraft:granite":48,"minecraft:grass_block":226,"minecraft:kelp":1,"minecraft:hay_block":5,"minecraft:tall_seagrass":1,"minecraft:oak_trapdoor":1,"minecraft:iron_ore":36,"minecraft:cobbled_deepslate":6,"minecraft:andesite":41,"minecraft:pumpkin":2,"minecraft:peony":2,"minecraft:pointed_dripstone":3,"minecraft:red_tulip":55,"minecraft:stone":205,"minecraft:kelp_plant":1,"minecraft:clay":8,"minecraft:crafting_table":4,"minecraft:torch":4,"minecraft:short_grass":128,"minecraft:chest":1,"minecraft:rose_bush":23,"minecraft:tall_grass":4,"minecraft:copper_ore":5,"minecraft:cobblestone":4,"minecraft:sugar_cane":6,"minecraft:oak_planks":3,"minecraft:diorite":9,"minecraft:wall_torch":6,"minecraft:pink_petals":345,"minecraft:birch_log":7,"minecraft:wheat":3,"minecraft:birch_leaves":5,"minecraft:orange_tulip":84,"minecraft:oak_log":378,"minecraft:coal_ore":89,"minecraft:cherry_leaves":1,"minecraft:gravel":2,"minecraft:dripstone_block":12,"minecraft:dirt":34,"minecraft:cracked_stone_bricks":3,"minecraft:stone_bricks":2,"minecraft:mossy_stone_bricks":4,"minecraft:oak_leaves":120,"minecraft:deepslate":67},"minecraft:killed_by":{"minecraft:creeper":1,"minecraft:trader_llama":1,"minecraft:skeleton":6},"minecraft:custom":{"minecraft:mob_kills":52,"minecraft:interact_with_crafting_table":39,"minecraft:leave_game":11,"minecraft:time_since_death":71147,"minecraft:sprint_one_cm":535864,"minecraft:walk_one_cm":765467,"minecraft:drop":23,"minecraft:talked_to_villager":1,"minecraft:play_time":274913,"minecraft:deaths":8,"minecraft:sneak_time":14213,"minecraft:walk_under_water_one_cm":30514,"minecraft:boat_one_cm":290637,"minecraft:jump":5430,"minecraft:interact_with_blast_furnace":1,"minecraft:walk_on_water_one_cm":42156,"minecraft:total_world_time":274913,"minecraft:interact_with_furnace":35,"minecraft:sleep_in_bed":12,"minecraft:time_since_rest":7507,"minecraft:damage_taken":3484,"minecraft:damage_dealt":5101,"minecraft:swim_one_cm":163093,"minecraft:fly_one_cm":1021300,"minecraft:open_chest":78,"minecraft:crouch_one_cm":27991,"minecraft:interact_with_smoker":6,"minecraft:fall_one_cm":177953},"minecraft:used":{"minecraft:oak_trapdoor":1,"minecraft:oak_fence":1,"minecraft:stone_shovel":252,"minecraft:chest":8,"minecraft:wooden_shovel":17,"minecraft:cooked_chicken":1,"minecraft:oak_door":2,"minecraft:torch":28,"minecraft:dirt":101,"minecraft:mutton":4,"minecraft:granite":2,"minecraft:wooden_axe":16,"minecraft:iron_axe":266,"minecraft:oak_sapling":45,"minecraft:furnace":3,"minecraft:cooked_cod":12,"minecraft:cooked_beef":5,"minecraft:cobbled_deepslate":44,"minecraft:pumpkin":1,"minecraft:wheat_seeds":18,"minecraft:cooked_mutton":13,"minecraft:mossy_stone_bricks":2,"minecraft:diorite":1,"minecraft:stone_pickaxe":445,"minecraft:oak_planks":14,"minecraft:wooden_pickaxe":82,"minecraft:mossy_cobblestone":4,"minecraft:crafting_table":9,"minecraft:white_bed":14,"minecraft:dripstone_block":10,"minecraft:wooden_hoe":33,"minecraft:apple":1,"minecraft:iron_pickaxe":147,"minecraft:stone_axe":157,"minecraft:pink_petals":4,"minecraft:cobblestone":105,"minecraft:porkchop":5,"minecraft:cooked_porkchop":2,"minecraft:oak_boat":1},"minecraft:dropped":{"minecraft:wheat_seeds":1,"minecraft:diamond":1,"minecraft:book":1,"minecraft:rose_bush":23,"minecraft:pumpkin":4,"minecraft:paper":6,"minecraft:pink_petals":3,"minecraft:white_wool":4,"minecraft:oak_door":1,"minecraft:kelp":8,"minecraft:cobbled_deepslate":3,"minecraft:rotten_flesh":4,"minecraft:potato":2,"minecraft:wooden_shovel":1,"minecraft:bamboo":1,"minecraft:wooden_pickaxe":2,"minecraft:stone_pickaxe":1},"minecraft:crafted":{"minecraft:oak_door":3,"minecraft:oak_planks":496,"minecraft:stone_shovel":2,"minecraft:cooked_chicken":1,"minecraft:furnace":3,"minecraft:cooked_mutton":13,"minecraft:oak_trapdoor":2,"minecraft:iron_axe":3,"minecraft:stone_pickaxe":6,"minecraft:chest":7,"minecraft:oak_fence":3,"minecraft:cooked_beef":4,"minecraft:wooden_shovel":2,"minecraft:cooked_porkchop":2,"minecraft:crafting_table":7,"minecraft:wooden_pickaxe":2,"minecraft:birch_planks":28,"minecraft:stone_axe":2,"minecraft:air":0,"minecraft:oak_boat":1,"minecraft:wooden_hoe":1,"minecraft:shield":1,"minecraft:stick":60,"minecraft:iron_ingot":21,"minecraft:iron_pickaxe":2,"minecraft:oak_stairs":120,"minecraft:wooden_axe":1,"minecraft:white_bed":2,"minecraft:torch":48},"minecraft:picked_up":{"minecraft:wooden_axe":1,"minecraft:crafting_table":5,"minecraft:clay_ball":64,"minecraft:lead":4,"minecraft:wooden_pickaxe":2,"minecraft:oak_stairs":36,"minecraft:oak_trapdoor":2,"minecraft:raw_copper":32,"minecraft:iron_axe":1,"minecraft:cobbled_deepslate":64,"minecraft:beef":8,"minecraft:rose_bush":69,"minecraft:iron_pickaxe":4,"minecraft:sugar_cane":13,"minecraft:chest":3,"minecraft:birch_sapling":2,"minecraft:stick":125,"minecraft:raw_iron":53,"minecraft:torch":16,"minecraft:porkchop":45,"minecraft:pointed_dripstone":8,"minecraft:diorite":13,"minecraft:prismarine_crystals":2,"minecraft:arrow":1,"minecraft:rotten_flesh":4,"minecraft:stone_shovel":1,"minecraft:cooked_cod":8,"minecraft:peony":2,"minecraft:hay_block":5,"minecraft:red_tulip":49,"minecraft:mutton":47,"minecraft:white_wool":35,"minecraft:cobblestone":267,"minecraft:birch_log":7,"minecraft:pink_petals":1014,"minecraft:cooked_beef":5,"minecraft:andesite":64,"minecraft:salmon":6,"minecraft:leather":6,"minecraft:oak_log":694,"minecraft:wooden_hoe":3,"minecraft:dirt":313,"minecraft:cooked_mutton":12,"minecraft:apple":37,"minecraft:stone_bricks":2,"minecraft:kelp":8,"minecraft:orange_tulip":84,"minecraft:wheat_seeds":20,"minecraft:stone_pickaxe":9,"minecraft:mossy_stone_bricks":2,"minecraft:oak_planks":358,"minecraft:cooked_porkchop":1,"minecraft:pumpkin":2,"minecraft:dripstone_block":12,"minecraft:white_bed":14,"minecraft:mossy_cobblestone":4,"minecraft:diamond":11,"minecraft:stone_axe":1,"minecraft:granite":55,"minecraft:oak_sapling":53,"minecraft:coal":211},"minecraft:killed":{"minecraft:pig":22,"minecraft:salmon":2,"minecraft:wandering_trader":1,"minecraft:sheep":23,"minecraft:zombie":2,"minecraft:cow":2}},"DataVersion":3953}