{"stats":{"minecraft:mined":{"minecraft:white_bed":5,"minecraft:deepslate_diamond_ore":5,"minecraft:clay":8,"minecraft:crafting_table":3,"minecraft:torch":4,"minecraft:granite":48,"minecraft:short_grass":112,"minecraft:grass_block":213,"minecraft:chest":1,"minecraft:copper_ore":5,"minecraft:tall_grass":4,"minecraft:cobblestone":4,"minecraft:sugar_cane":3,"minecraft:wall_torch":6,"minecraft:diorite":9,"minecraft:pink_petals":343,"minecraft:oak_trapdoor":1,"minecraft:iron_ore":22,"minecraft:birch_log":7,"minecraft:wheat":3,"minecraft:cobbled_deepslate":6,"minecraft:birch_leaves":5,"minecraft:andesite":41,"minecraft:peony":2,"minecraft:oak_log":39,"minecraft:pointed_dripstone":3,"minecraft:coal_ore":38,"minecraft:cherry_leaves":1,"minecraft:dripstone_block":12,"minecraft:dirt":23,"minecraft:stone":184,"minecraft:oak_leaves":45,"minecraft:deepslate":67},"minecraft:broken":{"minecraft:stone_pickaxe":2,"minecraft:stone_shovel":1},"minecraft:killed_by":{"minecraft:skeleton":5,"minecraft:trader_llama":1},"minecraft:custom":{"minecraft:interact_with_furnace":30,"minecraft:mob_kills":33,"minecraft:interact_with_crafting_table":26,"minecraft:leave_game":7,"minecraft:time_since_death":5821,"minecraft:sleep_in_bed":3,"minecraft:time_since_rest":5848,"minecraft:sprint_one_cm":269987,"minecraft:damage_taken":2184,"minecraft:walk_one_cm":517132,"minecraft:drop":12,"minecraft:damage_dealt":3399,"minecraft:swim_one_cm":31842,"minecraft:talked_to_villager":1,"minecraft:fly_one_cm":359644,"minecraft:open_chest":35,"minecraft:crouch_one_cm":22260,"minecraft:play_time":156820,"minecraft:sneak_time":11867,"minecraft:deaths":6,"minecraft:walk_under_water_one_cm":2196,"minecraft:jump":2609,"minecraft:interact_with_blast_furnace":1,"minecraft:walk_on_water_one_cm":10508,"minecraft:total_world_time":156820,"minecraft:interact_with_smoker":6,"minecraft:fall_one_cm":77953},"minecraft:used":{"minecraft:oak_fence":1,"minecraft:wheat_seeds":18,"minecraft:diorite":1,"minecraft:stone_pickaxe":368,"minecraft:stone_shovel":252,"minecraft:chest":5,"minecraft:wooden_pickaxe":82,"minecraft:cooked_chicken":1,"minecraft:torch":22,"minecraft:dirt":82,"minecraft:mutton":4,"minecraft:crafting_table":6,"minecraft:white_bed":5,"minecraft:dripstone_block":10,"minecraft:granite":2,"minecraft:wooden_axe":16,"minecraft:wooden_hoe":33,"minecraft:iron_pickaxe":100,"minecraft:cobblestone":93,"minecraft:cooked_cod":8,"minecraft:pink_petals":3,"minecraft:oak_sapling":2,"minecraft:porkchop":5,"minecraft:furnace":3,"minecraft:cooked_porkchop":1,"minecraft:cooked_beef":3,"minecraft:cobbled_deepslate":44,"minecraft:oak_trapdoor":1},"minecraft:dropped":{"minecraft:cobbled_deepslate":3,"minecraft:diamond":1,"minecraft:rotten_flesh":4,"minecraft:wooden_pickaxe":2,"minecraft:stone_pickaxe":1,"minecraft:pink_petals":3},"minecraft:crafted":{"minecraft:cooked_beef":4,"minecraft:oak_planks":148,"minecraft:stone_shovel":2,"minecraft:cooked_porkchop":2,"minecraft:crafting_table":4,"minecraft:wooden_pickaxe":2,"minecraft:cooked_chicken":1,"minecraft:furnace":3,"minecraft:birch_planks":28,"minecraft:stone_axe":1,"minecraft:cooked_mutton":13,"minecraft:air":0,"minecraft:oak_trapdoor":2,"minecraft:wooden_hoe":1,"minecraft:shield":1,"minecraft:iron_axe":2,"minecraft:stick":60,"minecraft:iron_ingot":11,"minecraft:iron_pickaxe":1,"minecraft:stone_pickaxe":6,"minecraft:wooden_axe":1,"minecraft:chest":5,"minecraft:white_bed":1,"minecraft:torch":40,"minecraft:oak_fence":3},"minecraft:picked_up":{"minecraft:wooden_axe":1,"minecraft:pink_petals":979,"minecraft:crafting_table":4,"minecraft:cooked_beef":5,"minecraft:clay_ball":64,"minecraft:andesite":64,"minecraft:leather":6,"minecraft:lead":4,"minecraft:wooden_pickaxe":2,"minecraft:oak_log":37,"minecraft:wooden_hoe":1,"minecraft:dirt":284,"minecraft:oak_trapdoor":2,"minecraft:raw_copper":32,"minecraft:iron_axe":1,"minecraft:cooked_mutton":5,"minecraft:wheat_seeds":19,"minecraft:cobbled_deepslate":64,"minecraft:beef":8,"minecraft:stone_pickaxe":5,"minecraft:iron_pickaxe":2,"minecraft:sugar_cane":4,"minecraft:chest":3,"minecraft:birch_sapling":2,"minecraft:oak_planks":59,"minecraft:stick":42,"minecraft:raw_iron":35,"minecraft:cooked_porkchop":1,"minecraft:torch":9,"minecraft:dripstone_block":12,"minecraft:porkchop":32,"minecraft:pointed_dripstone":8,"minecraft:diorite":13,"minecraft:white_bed":6,"minecraft:stone_axe":1,"minecraft:arrow":1,"minecraft:stone_shovel":1,"minecraft:rotten_flesh":4,"minecraft:cooked_cod":8,"minecraft:diamond":11,"minecraft:peony":2,"minecraft:granite":55,"minecraft:oak_sapling":10,"minecraft:mutton":30,"minecraft:coal":78,"minecraft:white_wool":21,"minecraft:cobblestone":204,"minecraft:birch_log":7},"minecraft:killed":{"minecraft:pig":15,"minecraft:wandering_trader":1,"minecraft:sheep":13,"minecraft:zombie":2,"minecraft:cow":2}},"DataVersion":3953}