{"stats":{"minecraft:mined":{"minecraft:deepslate_diamond_ore":5,"minecraft:crafting_table":2,"minecraft:torch":4,"minecraft:granite":48,"minecraft:short_grass":4,"minecraft:grass_block":2,"minecraft:tall_grass":1,"minecraft:cobblestone":4,"minecraft:copper_ore":5,"minecraft:sugar_cane":3,"minecraft:diorite":9,"minecraft:wall_torch":6,"minecraft:oak_trapdoor":1,"minecraft:birch_log":7,"minecraft:iron_ore":15,"minecraft:cobbled_deepslate":6,"minecraft:birch_leaves":4,"minecraft:andesite":41,"minecraft:peony":2,"minecraft:coal_ore":22,"minecraft:pointed_dripstone":3,"minecraft:oak_log":15,"minecraft:dripstone_block":12,"minecraft:dirt":2,"minecraft:stone":181,"minecraft:oak_leaves":10,"minecraft:deepslate":67},"minecraft:broken":{"minecraft:stone_pickaxe":2},"minecraft:killed_by":{"minecraft:skeleton":3},"minecraft:custom":{"minecraft:interact_with_furnace":7,"minecraft:mob_kills":12,"minecraft:interact_with_crafting_table":12,"minecraft:leave_game":3,"minecraft:time_since_death":35245,"minecraft:time_since_rest":35295,"minecraft:sprint_one_cm":58500,"minecraft:damage_taken":949,"minecraft:walk_one_cm":219831,"minecraft:drop":10,"minecraft:damage_dealt":1360,"minecraft:fly_one_cm":43362,"minecraft:open_chest":1,"minecraft:crouch_one_cm":14154,"minecraft:play_time":73169,"minecraft:deaths":3,"minecraft:sneak_time":8383,"minecraft:jump":783,"minecraft:interact_with_blast_furnace":1,"minecraft:walk_on_water_one_cm":1190,"minecraft:total_world_time":73169,"minecraft:fall_one_cm":20493},"minecraft:used":{"minecraft:oak_trapdoor":1,"minecraft:diorite":1,"minecraft:stone_pickaxe":345,"minecraft:chest":1,"minecraft:wooden_pickaxe":79,"minecraft:torch":22,"minecraft:dirt":1,"minecraft:mutton":2,"minecraft:crafting_table":3,"minecraft:dripstone_block":10,"minecraft:granite":2,"minecraft:wooden_axe":16,"minecraft:iron_pickaxe":35,"minecraft:cobblestone":93,"minecraft:oak_sapling":2,"minecraft:furnace":1,"minecraft:cobbled_deepslate":40},"minecraft:dropped":{"minecraft:cobbled_deepslate":3,"minecraft:diamond":1,"minecraft:rotten_flesh":4,"minecraft:wooden_pickaxe":2},"minecraft:crafted":{"minecraft:oak_planks":60,"minecraft:crafting_table":2,"minecraft:wooden_pickaxe":2,"minecraft:furnace":1,"minecraft:birch_planks":28,"minecraft:air":0,"minecraft:oak_trapdoor":2,"minecraft:shield":1,"minecraft:stick":60,"minecraft:iron_ingot":4,"minecraft:iron_pickaxe":1,"minecraft:stone_pickaxe":6,"minecraft:wooden_axe":1,"minecraft:chest":1,"minecraft:torch":40},"minecraft:picked_up":{"minecraft:wooden_axe":1,"minecraft:birch_log":7,"minecraft:crafting_table":3,"minecraft:andesite":64,"minecraft:wooden_pickaxe":1,"minecraft:oak_log":15,"minecraft:dirt":3,"minecraft:oak_trapdoor":2,"minecraft:raw_copper":32,"minecraft:wheat_seeds":1,"minecraft:cobbled_deepslate":64,"minecraft:stone_pickaxe":3,"minecraft:sugar_cane":4,"minecraft:birch_sapling":2,"minecraft:oak_planks":18,"minecraft:stick":2,"minecraft:raw_iron":21,"minecraft:torch":9,"minecraft:dripstone_block":12,"minecraft:porkchop":17,"minecraft:pointed_dripstone":8,"minecraft:diorite":13,"minecraft:arrow":1,"minecraft:rotten_flesh":4,"minecraft:diamond":6,"minecraft:peony":2,"minecraft:granite":55,"minecraft:oak_sapling":2,"minecraft:mutton":2,"minecraft:coal":62,"minecraft:white_wool":2,"minecraft:cobblestone":182},"minecraft:killed":{"minecraft:pig":8,"minecraft:sheep":2,"minecraft:zombie":2}},"DataVersion":3953}