{"stats":{"minecraft:mined":{"minecraft:oak_sapling":1,"minecraft:crafting_table":3,"minecraft:granite":1,"minecraft:short_grass":3,"minecraft:blast_furnace":1,"minecraft:grass_block":1,"minecraft:diorite":1,"minecraft:furnace":2,"minecraft:iron_ore":15,"minecraft:andesite":1,"minecraft:pointed_dripstone":2,"minecraft:oak_log":38,"minecraft:coal_ore":92,"minecraft:deepslate_iron_ore":2,"minecraft:dripstone_block":11,"minecraft:dirt":1,"minecraft:stone":54,"minecraft:oak_leaves":15,"minecraft:deepslate":29},"minecraft:broken":{"minecraft:stone_pickaxe":1},"minecraft:killed_by":{"minecraft:skeleton":2},"minecraft:used":{"minecraft:stone_sword":99,"minecraft:stone_pickaxe":194,"minecraft:shield":27,"minecraft:wooden_pickaxe":3,"minecraft:cooked_chicken":5,"minecraft:torch":13,"minecraft:dirt":20,"minecraft:crafting_table":4,"minecraft:blast_furnace":1,"minecraft:apple":3,"minecraft:oak_button":1,"minecraft:iron_pickaxe":15,"minecraft:stone_axe":64,"minecraft:cobblestone":8,"minecraft:bow":6,"minecraft:oak_sapling":1,"minecraft:furnace":4,"minecraft:cooked_porkchop":10,"minecraft:andesite":1},"minecraft:custom":{"minecraft:interact_with_furnace":23,"minecraft:mob_kills":45,"minecraft:interact_with_crafting_table":13,"minecraft:leave_game":3,"minecraft:time_since_death":52603,"minecraft:time_since_rest":52628,"minecraft:sprint_one_cm":128999,"minecraft:damage_taken":1674,"minecraft:walk_one_cm":105336,"minecraft:damage_blocked_by_shield":1814,"minecraft:drop":12,"minecraft:damage_dealt":6175,"minecraft:talked_to_villager":2,"minecraft:fly_one_cm":77520,"minecraft:crouch_one_cm":15112,"minecraft:play_time":55818,"minecraft:deaths":2,"minecraft:sneak_time":7158,"minecraft:jump":693,"minecraft:interact_with_blast_furnace":6,"minecraft:walk_on_water_one_cm":453,"minecraft:total_world_time":55818,"minecraft:fall_one_cm":18579},"minecraft:dropped":{"minecraft:crafting_table":1,"minecraft:pointed_dripstone":2,"minecraft:rotten_flesh":2,"minecraft:granite":1,"minecraft:dirt":8,"minecraft:diorite":1,"minecraft:oak_sapling":3,"minecraft:spider_eye":1,"minecraft:arrow":2,"minecraft:stone_pickaxe":1},"minecraft:crafted":{"minecraft:cooked_beef":10,"minecraft:smooth_stone":6,"minecraft:oak_planks":20,"minecraft:cooked_porkchop":10,"minecraft:crafting_table":2,"minecraft:wooden_pickaxe":1,"minecraft:cooked_chicken":7,"minecraft:furnace":4,"minecraft:blast_furnace":2,"minecraft:stone":6,"minecraft:stone_axe":1,"minecraft:air":0,"minecraft:iron_chestplate":1,"minecraft:shield":2,"minecraft:stick":12,"minecraft:iron_ingot":19,"minecraft:iron_pickaxe":1,"minecraft:stone_pickaxe":2,"minecraft:stone_sword":1,"minecraft:oak_button":1,"minecraft:torch":20},"minecraft:picked_up":{"minecraft:crafting_table":4,"minecraft:feather":6,"minecraft:chicken":7,"minecraft:andesite":1,"minecraft:leather":2,"minecraft:lead":2,"minecraft:potato":1,"minecraft:oak_log":38,"minecraft:dirt":30,"minecraft:bone":12,"minecraft:apple":4,"minecraft:bow":1,"minecraft:cobbled_deepslate":9,"minecraft:iron_ingot":4,"minecraft:beef":10,"minecraft:oak_planks":18,"minecraft:furnace":2,"minecraft:egg":2,"minecraft:raw_iron":32,"minecraft:stick":8,"minecraft:dripstone_block":3,"minecraft:porkchop":10,"minecraft:blast_furnace":1,"minecraft:pointed_dripstone":6,"minecraft:diorite":2,"minecraft:spider_eye":1,"minecraft:arrow":8,"minecraft:rotten_flesh":17,"minecraft:granite":1,"minecraft:oak_sapling":10,"minecraft:coal":123,"minecraft:cobblestone":74},"minecraft:killed":{"minecraft:pig":5,"minecraft:spider":2,"minecraft:bat":1,"minecraft:skeleton":9,"minecraft:trader_llama":1,"minecraft:zombie":16,"minecraft:chicken":7,"minecraft:cow":4}},"DataVersion":3953}