{"stats":{"minecraft:mined":{"minecraft:tuff":8,"minecraft:oak_sapling":1,"minecraft:deepslate_diamond_ore":7,"minecraft:obsidian":4,"minecraft:crafting_table":5,"minecraft:granite":2,"minecraft:short_grass":3,"minecraft:blast_furnace":3,"minecraft:grass_block":1,"minecraft:cobblestone":3,"minecraft:deepslate_gold_ore":12,"minecraft:diorite":1,"minecraft:redstone_ore":2,"minecraft:furnace":2,"minecraft:iron_ore":34,"minecraft:andesite":1,"minecraft:deepslate_lapis_ore":4,"minecraft:pointed_dripstone":14,"minecraft:oak_log":38,"minecraft:coal_ore":92,"minecraft:deepslate_iron_ore":8,"minecraft:gravel":7,"minecraft:dripstone_block":32,"minecraft:dirt":1,"minecraft:stone":59,"minecraft:gold_ore":1,"minecraft:oak_leaves":15,"minecraft:deepslate":74},"minecraft:broken":{"minecraft:stone_pickaxe":1,"minecraft:shield":1},"minecraft:killed_by":{"minecraft:skeleton":2},"minecraft:used":{"minecraft:water_bucket":4,"minecraft:stone_sword":171,"minecraft:stone_pickaxe":194,"minecraft:shield":62,"minecraft:wooden_pickaxe":3,"minecraft:cooked_chicken":6,"minecraft:torch":33,"minecraft:dirt":20,"minecraft:crafting_table":6,"minecraft:blast_furnace":3,"minecraft:diamond_pickaxe":8,"minecraft:apple":3,"minecraft:oak_button":1,"minecraft:iron_pickaxe":166,"minecraft:iron_boots":1,"minecraft:stone_axe":66,"minecraft:cobblestone":26,"minecraft:bow":6,"minecraft:oak_sapling":1,"minecraft:furnace":4,"minecraft:cooked_porkchop":10,"minecraft:bucket":4,"minecraft:andesite":1,"minecraft:cooked_beef":9,"minecraft:cobbled_deepslate":41},"minecraft:custom":{"minecraft:interact_with_furnace":23,"minecraft:mob_kills":62,"minecraft:interact_with_crafting_table":20,"minecraft:leave_game":3,"minecraft:time_since_death":76603,"minecraft:time_since_rest":76628,"minecraft:sprint_one_cm":157408,"minecraft:damage_taken":2570,"minecraft:walk_one_cm":164093,"minecraft:damage_blocked_by_shield":4515,"minecraft:drop":21,"minecraft:damage_dealt":9364,"minecraft:swim_one_cm":1851,"minecraft:talked_to_villager":2,"minecraft:fly_one_cm":109212,"minecraft:crouch_one_cm":32885,"minecraft:play_time":79818,"minecraft:deaths":2,"minecraft:sneak_time":14131,"minecraft:walk_under_water_one_cm":1555,"minecraft:jump":1042,"minecraft:interact_with_blast_furnace":30,"minecraft:walk_on_water_one_cm":11397,"minecraft:total_world_time":79818,"minecraft:fall_one_cm":27221},"minecraft:dropped":{"minecraft:gravel":6,"minecraft:stone_sword":1,"minecraft:crafting_table":1,"minecraft:tuff":8,"minecraft:pointed_dripstone":32,"minecraft:feather":6,"minecraft:rotten_flesh":2,"minecraft:granite":3,"minecraft:dirt":8,"minecraft:diorite":2,"minecraft:andesite":2,"minecraft:oak_sapling":3,"minecraft:spider_eye":1,"minecraft:arrow":2,"minecraft:stone_pickaxe":1},"minecraft:crafted":{"minecraft:cooked_beef":10,"minecraft:smooth_stone":6,"minecraft:oak_planks":20,"minecraft:cooked_porkchop":10,"minecraft:crafting_table":2,"minecraft:iron_helmet":1,"minecraft:wooden_pickaxe":1,"minecraft:cooked_chicken":7,"minecraft:furnace":4,"minecraft:blast_furnace":2,"minecraft:stone":6,"minecraft:bucket":1,"minecraft:stone_axe":1,"minecraft:air":0,"minecraft:diamond_pickaxe":1,"minecraft:iron_boots":1,"minecraft:iron_chestplate":1,"minecraft:golden_apple":1,"minecraft:shield":2,"minecraft:stick":20,"minecraft:iron_ingot":44,"minecraft:iron_pickaxe":1,"minecraft:stone_pickaxe":2,"minecraft:stone_sword":2,"minecraft:iron_leggings":1,"minecraft:gold_ingot":13,"minecraft:oak_button":1,"minecraft:torch":32},"minecraft:picked_up":{"minecraft:crafting_table":6,"minecraft:feather":6,"minecraft:glow_ink_sac":18,"minecraft:chicken":7,"minecraft:andesite":5,"minecraft:leather":2,"minecraft:lead":2,"minecraft:potato":1,"minecraft:tuff":8,"minecraft:oak_log":38,"minecraft:lapis_lazuli":13,"minecraft:string":5,"minecraft:dirt":30,"minecraft:bone":13,"minecraft:apple":4,"minecraft:bow":1,"minecraft:cobbled_deepslate":64,"minecraft:raw_gold":13,"minecraft:iron_ingot":4,"minecraft:beef":10,"minecraft:oak_planks":18,"minecraft:furnace":2,"minecraft:egg":2,"minecraft:raw_iron":57,"minecraft:stick":8,"minecraft:torch":2,"minecraft:gravel":6,"minecraft:dripstone_block":24,"minecraft:porkchop":10,"minecraft:blast_furnace":3,"minecraft:pointed_dripstone":32,"minecraft:diorite":2,"minecraft:redstone":10,"minecraft:spider_eye":3,"minecraft:arrow":10,"minecraft:rotten_flesh":21,"minecraft:diamond":7,"minecraft:granite":3,"minecraft:oak_sapling":10,"minecraft:obsidian":4,"minecraft:coal":134,"minecraft:cobblestone":84},"minecraft:killed":{"minecraft:pig":5,"minecraft:spider":6,"minecraft:bat":1,"minecraft:creeper":1,"minecraft:skeleton":14,"minecraft:trader_llama":1,"minecraft:zombie":23,"minecraft:chicken":7,"minecraft:cow":4}},"DataVersion":3953}