{"stats":{"minecraft:mined":{"minecraft:tuff":8,"minecraft:oak_sapling":1,"minecraft:deepslate_diamond_ore":7,"minecraft:obsidian":16,"minecraft:crafting_table":7,"minecraft:granite":4,"minecraft:short_grass":3,"minecraft:blast_furnace":3,"minecraft:grass_block":1,"minecraft:cobblestone":3,"minecraft:deepslate_gold_ore":12,"minecraft:sugar_cane":4,"minecraft:diorite":14,"minecraft:wall_torch":1,"minecraft:redstone_ore":2,"minecraft:furnace":2,"minecraft:iron_ore":54,"minecraft:andesite":1,"minecraft:deepslate_lapis_ore":4,"minecraft:pointed_dripstone":14,"minecraft:oak_log":38,"minecraft:coal_ore":92,"minecraft:deepslate_iron_ore":18,"minecraft:gravel":7,"minecraft:dripstone_block":32,"minecraft:dirt":1,"minecraft:stone":80,"minecraft:gold_ore":1,"minecraft:oak_leaves":15,"minecraft:deepslate":74},"minecraft:broken":{"minecraft:stone_pickaxe":1,"minecraft:shield":1},"minecraft:killed_by":{"minecraft:skeleton":2},"minecraft:used":{"minecraft:water_bucket":4,"minecraft:stone_sword":176,"minecraft:stone_pickaxe":194,"minecraft:shield":70,"minecraft:wooden_pickaxe":3,"minecraft:iron_sword":25,"minecraft:cooked_chicken":7,"minecraft:torch":35,"minecraft:dirt":20,"minecraft:crafting_table":8,"minecraft:blast_furnace":4,"minecraft:diamond_pickaxe":86,"minecraft:apple":3,"minecraft:oak_button":1,"minecraft:iron_pickaxe":166,"minecraft:iron_boots":1,"minecraft:stone_axe":68,"minecraft:cobblestone":26,"minecraft:bow":6,"minecraft:oak_sapling":1,"minecraft:furnace":4,"minecraft:cooked_porkchop":10,"minecraft:bucket":5,"minecraft:andesite":1,"minecraft:cooked_beef":10,"minecraft:cobbled_deepslate":53},"minecraft:custom":{"minecraft:interact_with_furnace":25,"minecraft:mob_kills":78,"minecraft:interact_with_crafting_table":22,"minecraft:leave_game":3,"minecraft:time_since_death":88603,"minecraft:time_since_rest":88628,"minecraft:sprint_one_cm":195215,"minecraft:damage_taken":2683,"minecraft:walk_one_cm":183738,"minecraft:damage_blocked_by_shield":5273,"minecraft:drop":27,"minecraft:damage_dealt":10559,"minecraft:swim_one_cm":4020,"minecraft:talked_to_villager":2,"minecraft:fly_one_cm":142404,"minecraft:crouch_one_cm":37582,"minecraft:play_time":91818,"minecraft:deaths":2,"minecraft:sneak_time":16888,"minecraft:walk_under_water_one_cm":4896,"minecraft:jump":1353,"minecraft:interact_with_blast_furnace":34,"minecraft:walk_on_water_one_cm":15260,"minecraft:total_world_time":91818,"minecraft:fall_one_cm":31382},"minecraft:dropped":{"minecraft:gravel":6,"minecraft:stone_sword":3,"minecraft:crafting_table":1,"minecraft:tuff":8,"minecraft:pointed_dripstone":32,"minecraft:feather":6,"minecraft:rotten_flesh":2,"minecraft:granite":5,"minecraft:dirt":8,"minecraft:gunpowder":2,"minecraft:diorite":2,"minecraft:andesite":2,"minecraft:oak_sapling":3,"minecraft:spider_eye":1,"minecraft:arrow":2,"minecraft:stone_pickaxe":1},"minecraft:crafted":{"minecraft:cooked_beef":10,"minecraft:smooth_stone":6,"minecraft:oak_planks":20,"minecraft:cooked_porkchop":10,"minecraft:crafting_table":2,"minecraft:iron_helmet":1,"minecraft:wooden_pickaxe":1,"minecraft:cooked_chicken":7,"minecraft:iron_sword":1,"minecraft:furnace":4,"minecraft:blast_furnace":2,"minecraft:stone":6,"minecraft:bucket":1,"minecraft:stone_axe":1,"minecraft:air":0,"minecraft:diamond_pickaxe":1,"minecraft:iron_boots":1,"minecraft:iron_chestplate":1,"minecraft:golden_apple":1,"minecraft:shield":2,"minecraft:stick":20,"minecraft:iron_ingot":54,"minecraft:iron_pickaxe":1,"minecraft:stone_pickaxe":2,"minecraft:stone_sword":2,"minecraft:iron_leggings":1,"minecraft:gold_ingot":13,"minecraft:oak_button":1,"minecraft:torch":32},"minecraft:picked_up":{"minecraft:crafting_table":8,"minecraft:feather":6,"minecraft:glow_ink_sac":18,"minecraft:chicken":7,"minecraft:andesite":5,"minecraft:leather":2,"minecraft:lead":2,"minecraft:potato":1,"minecraft:tuff":8,"minecraft:oak_log":38,"minecraft:gunpowder":2,"minecraft:lapis_lazuli":13,"minecraft:string":5,"minecraft:dirt":30,"minecraft:bone":13,"minecraft:apple":4,"minecraft:bow":1,"minecraft:cobbled_deepslate":65,"minecraft:raw_gold":13,"minecraft:iron_ingot":4,"minecraft:beef":10,"minecraft:sugar_cane":7,"minecraft:oak_planks":18,"minecraft:furnace":2,"minecraft:egg":2,"minecraft:raw_iron":87,"minecraft:stick":8,"minecraft:torch":3,"minecraft:gravel":6,"minecraft:dripstone_block":24,"minecraft:porkchop":10,"minecraft:blast_furnace":3,"minecraft:pointed_dripstone":32,"minecraft:diorite":15,"minecraft:redstone":10,"minecraft:spider_eye":3,"minecraft:stone_sword":1,"minecraft:arrow":12,"minecraft:rotten_flesh":22,"minecraft:diamond":7,"minecraft:granite":5,"minecraft:oak_sapling":10,"minecraft:cod":9,"minecraft:obsidian":16,"minecraft:coal":134,"minecraft:cobblestone":105},"minecraft:killed":{"minecraft:pig":5,"minecraft:spider":6,"minecraft:bat":1,"minecraft:cod":11,"minecraft:creeper":1,"minecraft:skeleton":16,"minecraft:trader_llama":1,"minecraft:zombie":25,"minecraft:chicken":7,"minecraft:cow":4}},"DataVersion":3953}