{"stats":{"minecraft:broken":{"minecraft:stone_pickaxe":1,"minecraft:shield":1},"minecraft:mined":{"minecraft:tuff":8,"minecraft:white_bed":1,"minecraft:oak_sapling":1,"minecraft:farmland":1,"minecraft:deepslate_diamond_ore":7,"minecraft:obsidian":16,"minecraft:granite":4,"minecraft:grass_block":6,"minecraft:redstone_ore":2,"minecraft:furnace":6,"minecraft:iron_ore":54,"minecraft:andesite":1,"minecraft:deepslate_lapis_ore":4,"minecraft:potatoes":18,"minecraft:pointed_dripstone":14,"minecraft:deepslate_iron_ore":18,"minecraft:stone":80,"minecraft:smoker":2,"minecraft:crafting_table":8,"minecraft:short_grass":4,"minecraft:blast_furnace":5,"minecraft:cobblestone":3,"minecraft:deepslate_gold_ore":12,"minecraft:sugar_cane":11,"minecraft:diorite":14,"minecraft:wall_torch":1,"minecraft:coal_ore":92,"minecraft:oak_log":38,"minecraft:dripstone_block":32,"minecraft:gravel":7,"minecraft:dirt":1,"minecraft:gold_ore":1,"minecraft:oak_leaves":19,"minecraft:deepslate":74},"minecraft:killed_by":{"minecraft:skeleton":2},"minecraft:custom":{"minecraft:mob_kills":91,"minecraft:interact_with_crafting_table":27,"minecraft:leave_game":4,"minecraft:time_since_death":102743,"minecraft:sprint_one_cm":243845,"minecraft:walk_one_cm":231764,"minecraft:damage_blocked_by_shield":5273,"minecraft:drop":48,"minecraft:talked_to_villager":2,"minecraft:play_time":105958,"minecraft:deaths":2,"minecraft:sneak_time":17030,"minecraft:walk_under_water_one_cm":6248,"minecraft:jump":1665,"minecraft:interact_with_blast_furnace":36,"minecraft:walk_on_water_one_cm":16446,"minecraft:total_world_time":105958,"minecraft:interact_with_furnace":31,"minecraft:sleep_in_bed":1,"minecraft:time_since_rest":9001,"minecraft:damage_taken":2743,"minecraft:damage_dealt":11399,"minecraft:swim_one_cm":11840,"minecraft:fly_one_cm":210100,"minecraft:crouch_one_cm":38026,"minecraft:interact_with_smoker":14,"minecraft:fall_one_cm":40182},"minecraft:used":{"minecraft:stone_sword":176,"minecraft:shield":70,"minecraft:iron_sword":33,"minecraft:stone_hoe":2,"minecraft:cooked_chicken":7,"minecraft:torch":35,"minecraft:dirt":23,"minecraft:iron_boots":1,"minecraft:bow":6,"minecraft:furnace":6,"minecraft:oak_sapling":1,"minecraft:cooked_cod":1,"minecraft:egg":3,"minecraft:potato":19,"minecraft:cooked_beef":12,"minecraft:cobbled_deepslate":55,"minecraft:water_bucket":7,"minecraft:stone_pickaxe":194,"minecraft:wooden_pickaxe":3,"minecraft:sugar_cane":7,"minecraft:crafting_table":8,"minecraft:blast_furnace":5,"minecraft:white_bed":1,"minecraft:cod":1,"minecraft:smoker":2,"minecraft:diamond_pickaxe":102,"minecraft:apple":3,"minecraft:oak_button":1,"minecraft:iron_pickaxe":166,"minecraft:stone_axe":78,"minecraft:cobblestone":26,"minecraft:cooked_porkchop":10,"minecraft:andesite":1,"minecraft:bucket":8,"minecraft:bone_meal":39},"minecraft:dropped":{"minecraft:cooked_beef":1,"minecraft:crafting_table":1,"minecraft:dripstone_block":24,"minecraft:feather":8,"minecraft:granite":5,"minecraft:stick":2,"minecraft:dirt":13,"minecraft:diorite":15,"minecraft:cooked_cod":8,"minecraft:gravel":6,"minecraft:stone_sword":3,"minecraft:tuff":8,"minecraft:pointed_dripstone":32,"minecraft:rotten_flesh":22,"minecraft:oak_planks":3,"minecraft:gunpowder":2,"minecraft:andesite":2,"minecraft:oak_sapling":3,"minecraft:spider_eye":3,"minecraft:arrow":2,"minecraft:stone_pickaxe":1},"minecraft:crafted":{"minecraft:smooth_stone":6,"minecraft:oak_planks":40,"minecraft:cooked_chicken":7,"minecraft:furnace":4,"minecraft:blast_furnace":2,"minecraft:stone":6,"minecraft:bone_meal":39,"minecraft:cooked_mutton":2,"minecraft:iron_boots":1,"minecraft:stone_pickaxe":2,"minecraft:chest":2,"minecraft:oak_button":1,"minecraft:stone_hoe":1,"minecraft:smoker":2,"minecraft:cooked_beef":13,"minecraft:cooked_cod":14,"minecraft:cooked_porkchop":12,"minecraft:crafting_table":2,"minecraft:wooden_pickaxe":1,"minecraft:iron_helmet":1,"minecraft:iron_sword":1,"minecraft:bucket":1,"minecraft:stone_axe":1,"minecraft:air":0,"minecraft:iron_chestplate":1,"minecraft:golden_apple":1,"minecraft:diamond_pickaxe":1,"minecraft:shield":2,"minecraft:stick":24,"minecraft:iron_ingot":79,"minecraft:iron_pickaxe":1,"minecraft:stone_sword":2,"minecraft:gold_ingot":13,"minecraft:iron_leggings":1,"minecraft:white_bed":1,"minecraft:torch":32,"minecraft:shears":1},"minecraft:picked_up":{"minecraft:crafting_table":9,"minecraft:chicken":8,"minecraft:lead":2,"minecraft:string":5,"minecraft:cobbled_deepslate":65,"minecraft:beef":15,"minecraft:sugar_cane":14,"minecraft:egg":3,"minecraft:furnace":6,"minecraft:stick":9,"minecraft:raw_iron":87,"minecraft:torch":3,"minecraft:porkchop":12,"minecraft:pointed_dripstone":32,"minecraft:diorite":15,"minecraft:redstone":10,"minecraft:stone_sword":1,"minecraft:arrow":12,"minecraft:rotten_flesh":22,"minecraft:obsidian":16,"minecraft:mutton":5,"minecraft:cod":15,"minecraft:white_wool":6,"minecraft:cobblestone":105,"minecraft:feather":8,"minecraft:glow_ink_sac":18,"minecraft:andesite":5,"minecraft:leather":2,"minecraft:smoker":2,"minecraft:potato":57,"minecraft:tuff":8,"minecraft:oak_log":38,"minecraft:gunpowder":2,"minecraft:lapis_lazuli":13,"minecraft:dirt":36,"minecraft:cooked_mutton":3,"minecraft:bone":13,"minecraft:apple":4,"minecraft:bow":1,"minecraft:raw_gold":13,"minecraft:iron_ingot":4,"minecraft:oak_planks":18,"minecraft:cooked_porkchop":23,"minecraft:dripstone_block":24,"minecraft:gravel":6,"minecraft:blast_furnace":5,"minecraft:white_bed":1,"minecraft:spider_eye":3,"minecraft:diamond":7,"minecraft:granite":5,"minecraft:oak_sapling":10,"minecraft:coal":192},"minecraft:killed":{"minecraft:spider":6,"minecraft:cod":15,"minecraft:skeleton":16,"minecraft:chicken":8,"minecraft:pig":7,"minecraft:bat":1,"minecraft:creeper":1,"minecraft:sheep":3,"minecraft:trader_llama":1,"minecraft:zombie":26,"minecraft:cow":6}},"DataVersion":3953}