{"stats":{"minecraft:mined":{"minecraft:oak_sapling":1,"minecraft:crafting_table":2,"minecraft:granite":1,"minecraft:short_grass":3,"minecraft:grass_block":1,"minecraft:iron_ore":4,"minecraft:oak_log":38,"minecraft:coal_ore":85,"minecraft:dirt":1,"minecraft:stone":49,"minecraft:oak_leaves":15},"minecraft:broken":{"minecraft:stone_pickaxe":1},"minecraft:killed_by":{"minecraft:skeleton":2},"minecraft:used":{"minecraft:stone_sword":76,"minecraft:stone_pickaxe":137,"minecraft:shield":19,"minecraft:wooden_pickaxe":3,"minecraft:dirt":20,"minecraft:crafting_table":3,"minecraft:apple":3,"minecraft:oak_button":1,"minecraft:stone_axe":63,"minecraft:cobblestone":8,"minecraft:oak_sapling":1,"minecraft:furnace":2,"minecraft:cooked_porkchop":9},"minecraft:custom":{"minecraft:interact_with_furnace":11,"minecraft:mob_kills":35,"minecraft:interact_with_crafting_table":7,"minecraft:leave_game":3,"minecraft:time_since_death":40603,"minecraft:time_since_rest":40628,"minecraft:sprint_one_cm":112247,"minecraft:damage_taken":1240,"minecraft:walk_one_cm":65230,"minecraft:damage_blocked_by_shield":1319,"minecraft:drop":7,"minecraft:damage_dealt":5083,"minecraft:talked_to_villager":2,"minecraft:fly_one_cm":69445,"minecraft:crouch_one_cm":9526,"minecraft:play_time":43818,"minecraft:deaths":2,"minecraft:sneak_time":4385,"minecraft:jump":564,"minecraft:total_world_time":43818,"minecraft:fall_one_cm":11855},"minecraft:dropped":{"minecraft:rotten_flesh":2,"minecraft:granite":1,"minecraft:dirt":8,"minecraft:oak_sapling":3,"minecraft:arrow":2},"minecraft:crafted":{"minecraft:cooked_beef":10,"minecraft:oak_planks":20,"minecraft:cooked_porkchop":10,"minecraft:crafting_table":1,"minecraft:wooden_pickaxe":1,"minecraft:cooked_chicken":7,"minecraft:furnace":2,"minecraft:stone_axe":1,"minecraft:air":0,"minecraft:shield":1,"minecraft:stick":12,"minecraft:iron_ingot":4,"minecraft:iron_pickaxe":1,"minecraft:stone_pickaxe":2,"minecraft:stone_sword":1,"minecraft:oak_button":1},"minecraft:picked_up":{"minecraft:crafting_table":2,"minecraft:feather":6,"minecraft:chicken":7,"minecraft:leather":2,"minecraft:lead":2,"minecraft:potato":1,"minecraft:oak_log":38,"minecraft:dirt":30,"minecraft:bone":6,"minecraft:apple":4,"minecraft:bow":1,"minecraft:beef":10,"minecraft:egg":2,"minecraft:raw_iron":4,"minecraft:stick":8,"minecraft:porkchop":10,"minecraft:spider_eye":1,"minecraft:arrow":7,"minecraft:rotten_flesh":12,"minecraft:granite":1,"minecraft:oak_sapling":10,"minecraft:coal":85,"minecraft:cobblestone":54},"minecraft:killed":{"minecraft:pig":5,"minecraft:spider":2,"minecraft:skeleton":5,"minecraft:trader_llama":1,"minecraft:zombie":11,"minecraft:chicken":7,"minecraft:cow":4}},"DataVersion":3953}