{"stats":{"minecraft:broken":{"minecraft:iron_shovel":2,"minecraft:stone_pickaxe":1,"minecraft:shield":1,"minecraft:stone_axe":1},"minecraft:mined":{"minecraft:tuff":8,"minecraft:white_bed":3,"minecraft:oak_sapling":1,"minecraft:farmland":1,"minecraft:deepslate_diamond_ore":7,"minecraft:obsidian":16,"minecraft:granite":4,"minecraft:grass_block":302,"minecraft:composter":1,"minecraft:hay_block":22,"minecraft:redstone_ore":2,"minecraft:furnace":6,"minecraft:iron_ore":54,"minecraft:cobbled_deepslate":2,"minecraft:fire":2,"minecraft:andesite":1,"minecraft:deepslate_lapis_ore":4,"minecraft:gold_block":1,"minecraft:bell":1,"minecraft:potatoes":18,"minecraft:pointed_dripstone":14,"minecraft:deepslate_iron_ore":18,"minecraft:dirt_path":87,"minecraft:stone":80,"minecraft:white_wool":9,"minecraft:smithing_table":1,"minecraft:oak_slab":18,"minecraft:smoker":4,"minecraft:dandelion":2,"minecraft:oak_fence":39,"minecraft:crafting_table":9,"minecraft:torch":1,"minecraft:short_grass":72,"minecraft:blast_furnace":8,"minecraft:tall_grass":17,"minecraft:cobblestone":3,"minecraft:deepslate_gold_ore":12,"minecraft:oak_planks":13,"minecraft:sugar_cane":18,"minecraft:diorite":14,"minecraft:wall_torch":2,"minecraft:yellow_wool":9,"minecraft:stripped_oak_wood":1,"minecraft:oak_log":52,"minecraft:coal_ore":92,"minecraft:gravel":7,"minecraft:dripstone_block":32,"minecraft:dirt":283,"minecraft:stonecutter":1,"minecraft:gold_ore":1,"minecraft:oak_leaves":26,"minecraft:deepslate":74},"minecraft:killed_by":{"minecraft:skeleton":2},"minecraft:used":{"minecraft:iron_shovel":688,"minecraft:stone_sword":176,"minecraft:flint_and_steel":2,"minecraft:enchanting_table":1,"minecraft:chest":2,"minecraft:shield":70,"minecraft:iron_sword":78,"minecraft:cooked_chicken":7,"minecraft:stone_hoe":24,"minecraft:torch":35,"minecraft:dirt":173,"minecraft:iron_axe":59,"minecraft:iron_boots":1,"minecraft:bow":6,"minecraft:oak_sapling":1,"minecraft:furnace":6,"minecraft:cooked_cod":6,"minecraft:egg":3,"minecraft:cooked_beef":12,"minecraft:potato":19,"minecraft:cobbled_deepslate":57,"minecraft:cooked_mutton":5,"minecraft:water_bucket":21,"minecraft:stone_pickaxe":194,"minecraft:wooden_pickaxe":3,"minecraft:sugar_cane":24,"minecraft:crafting_table":11,"minecraft:blast_furnace":7,"minecraft:white_bed":4,"minecraft:cod":1,"minecraft:shears":18,"minecraft:smoker":4,"minecraft:diamond_pickaxe":112,"minecraft:apple":3,"minecraft:oak_button":1,"minecraft:bread":3,"minecraft:iron_pickaxe":166,"minecraft:stone_axe":113,"minecraft:pink_petals":1,"minecraft:cobblestone":26,"minecraft:cooked_porkchop":11,"minecraft:andesite":1,"minecraft:bucket":22,"minecraft:bone_meal":39},"minecraft:custom":{"minecraft:interact_with_smithing_table":1,"minecraft:mob_kills":107,"minecraft:interact_with_crafting_table":39,"minecraft:leave_game":6,"minecraft:time_since_death":153850,"minecraft:sprint_one_cm":436092,"minecraft:walk_one_cm":319293,"minecraft:damage_blocked_by_shield":5273,"minecraft:drop":68,"minecraft:talked_to_villager":2,"minecraft:play_time":157065,"minecraft:sneak_time":23429,"minecraft:deaths":2,"minecraft:walk_under_water_one_cm":12874,"minecraft:jump":2919,"minecraft:interact_with_blast_furnace":36,"minecraft:walk_on_water_one_cm":25280,"minecraft:total_world_time":157065,"minecraft:interact_with_furnace":31,"minecraft:sleep_in_bed":6,"minecraft:time_since_rest":527,"minecraft:damage_taken":2999,"minecraft:damage_dealt":13240,"minecraft:swim_one_cm":26795,"minecraft:fly_one_cm":500605,"minecraft:open_chest":11,"minecraft:crouch_one_cm":74936,"minecraft:interact_with_smoker":14,"minecraft:fall_one_cm":76114},"minecraft:crafted":{"minecraft:smooth_stone":6,"minecraft:oak_planks":48,"minecraft:cooked_chicken":7,"minecraft:furnace":4,"minecraft:blast_furnace":2,"minecraft:stone":6,"minecraft:bone_meal":39,"minecraft:cooked_mutton":2,"minecraft:flint_and_steel":1,"minecraft:iron_boots":1,"minecraft:iron_axe":1,"minecraft:stone_pickaxe":2,"minecraft:chest":2,"minecraft:oak_button":1,"minecraft:stone_hoe":1,"minecraft:smoker":2,"minecraft:cooked_beef":13,"minecraft:cooked_cod":14,"minecraft:cooked_porkchop":12,"minecraft:crafting_table":2,"minecraft:enchanting_table":1,"minecraft:wooden_pickaxe":1,"minecraft:iron_helmet":1,"minecraft:iron_sword":1,"minecraft:bucket":1,"minecraft:stone_axe":1,"minecraft:air":0,"minecraft:iron_chestplate":1,"minecraft:book":1,"minecraft:paper":3,"minecraft:diamond_pickaxe":1,"minecraft:golden_apple":1,"minecraft:shield":2,"minecraft:stick":40,"minecraft:iron_ingot":79,"minecraft:iron_pickaxe":1,"minecraft:stone_sword":2,"minecraft:iron_shovel":8,"minecraft:iron_leggings":1,"minecraft:gold_ingot":22,"minecraft:white_bed":1,"minecraft:torch":32,"minecraft:shears":1},"minecraft:dropped":{"minecraft:bread":3,"minecraft:oak_slab":3,"minecraft:wheat_seeds":9,"minecraft:cooked_beef":1,"minecraft:crafting_table":2,"minecraft:dripstone_block":24,"minecraft:oak_fence":1,"minecraft:feather":8,"minecraft:granite":5,"minecraft:flint":1,"minecraft:stick":4,"minecraft:dirt":13,"minecraft:diorite":15,"minecraft:cornflower":1,"minecraft:cooked_cod":8,"minecraft:string":20,"minecraft:pink_petals":14,"minecraft:gravel":6,"minecraft:stone_sword":3,"minecraft:tuff":8,"minecraft:pointed_dripstone":32,"minecraft:rotten_flesh":22,"minecraft:oak_planks":3,"minecraft:gunpowder":2,"minecraft:andesite":2,"minecraft:oak_sapling":3,"minecraft:spider_eye":3,"minecraft:arrow":2,"minecraft:stone_pickaxe":1},"minecraft:picked_up":{"minecraft:crafting_table":11,"minecraft:chicken":8,"minecraft:yellow_wool":9,"minecraft:smithing_table":1,"minecraft:lead":2,"minecraft:gold_block":1,"minecraft:cornflower":2,"minecraft:string":20,"minecraft:cobbled_deepslate":67,"minecraft:beef":40,"minecraft:sugar_cane":27,"minecraft:furnace":6,"minecraft:egg":3,"minecraft:stick":11,"minecraft:raw_iron":87,"minecraft:composter":1,"minecraft:oak_fence":36,"minecraft:torch":14,"minecraft:porkchop":12,"minecraft:pointed_dripstone":32,"minecraft:diorite":15,"minecraft:redstone":10,"minecraft:stone_sword":1,"minecraft:arrow":12,"minecraft:rotten_flesh":24,"minecraft:hay_block":22,"minecraft:armadillo_scute":1,"minecraft:obsidian":16,"minecraft:mutton":5,"minecraft:cod":15,"minecraft:white_wool":15,"minecraft:cobblestone":105,"minecraft:pink_petals":15,"minecraft:feather":8,"minecraft:glow_ink_sac":18,"minecraft:andesite":5,"minecraft:leather":13,"minecraft:smoker":4,"minecraft:potato":57,"minecraft:tuff":8,"minecraft:oak_log":52,"minecraft:gunpowder":2,"minecraft:lapis_lazuli":13,"minecraft:dirt":652,"minecraft:cooked_mutton":3,"minecraft:bone":13,"minecraft:apple":4,"minecraft:bow":1,"minecraft:stonecutter":1,"minecraft:wheat_seeds":12,"minecraft:raw_gold":13,"minecraft:bell":1,"minecraft:iron_ingot":4,"minecraft:stripped_oak_wood":1,"minecraft:oak_planks":31,"minecraft:oak_slab":21,"minecraft:cooked_porkchop":23,"minecraft:dandelion":6,"minecraft:dripstone_block":24,"minecraft:gravel":6,"minecraft:blast_furnace":8,"minecraft:white_bed":3,"minecraft:spider_eye":3,"minecraft:diamond":7,"minecraft:granite":5,"minecraft:bread":3,"minecraft:oak_sapling":11,"minecraft:coal":192},"minecraft:killed":{"minecraft:armadillo":2,"minecraft:spider":6,"minecraft:cod":15,"minecraft:skeleton":16,"minecraft:chicken":8,"minecraft:pig":7,"minecraft:bat":1,"minecraft:creeper":1,"minecraft:sheep":3,"minecraft:trader_llama":1,"minecraft:zombie":28,"minecraft:cow":18}},"DataVersion":3953}