{"stats":{"minecraft:broken":{"minecraft:stone_pickaxe":1,"minecraft:shield":1},"minecraft:mined":{"minecraft:tuff":8,"minecraft:white_bed":3,"minecraft:oak_sapling":1,"minecraft:farmland":1,"minecraft:deepslate_diamond_ore":7,"minecraft:obsidian":16,"minecraft:granite":4,"minecraft:grass_block":6,"minecraft:redstone_ore":2,"minecraft:furnace":6,"minecraft:fire":2,"minecraft:iron_ore":54,"minecraft:cobbled_deepslate":2,"minecraft:andesite":1,"minecraft:deepslate_lapis_ore":4,"minecraft:gold_block":1,"minecraft:pointed_dripstone":14,"minecraft:potatoes":18,"minecraft:deepslate_iron_ore":18,"minecraft:stone":80,"minecraft:smoker":4,"minecraft:crafting_table":9,"minecraft:short_grass":38,"minecraft:blast_furnace":7,"minecraft:tall_grass":13,"minecraft:cobblestone":3,"minecraft:deepslate_gold_ore":12,"minecraft:sugar_cane":18,"minecraft:diorite":14,"minecraft:wall_torch":1,"minecraft:oak_log":38,"minecraft:coal_ore":92,"minecraft:gravel":7,"minecraft:dripstone_block":32,"minecraft:dirt":1,"minecraft:gold_ore":1,"minecraft:oak_leaves":19,"minecraft:deepslate":74},"minecraft:killed_by":{"minecraft:skeleton":2},"minecraft:custom":{"minecraft:mob_kills":106,"minecraft:interact_with_crafting_table":34,"minecraft:leave_game":4,"minecraft:time_since_death":125679,"minecraft:sprint_one_cm":354105,"minecraft:walk_one_cm":255266,"minecraft:damage_blocked_by_shield":5273,"minecraft:drop":61,"minecraft:talked_to_villager":2,"minecraft:play_time":128894,"minecraft:deaths":2,"minecraft:sneak_time":17228,"minecraft:walk_under_water_one_cm":12874,"minecraft:jump":2611,"minecraft:interact_with_blast_furnace":36,"minecraft:walk_on_water_one_cm":25280,"minecraft:total_world_time":128894,"minecraft:interact_with_furnace":31,"minecraft:sleep_in_bed":3,"minecraft:time_since_rest":9023,"minecraft:damage_taken":2957,"minecraft:damage_dealt":13039,"minecraft:swim_one_cm":26795,"minecraft:fly_one_cm":424207,"minecraft:open_chest":2,"minecraft:crouch_one_cm":38473,"minecraft:interact_with_smoker":14,"minecraft:fall_one_cm":68704},"minecraft:used":{"minecraft:enchanting_table":1,"minecraft:stone_sword":176,"minecraft:flint_and_steel":2,"minecraft:chest":2,"minecraft:shield":70,"minecraft:iron_sword":75,"minecraft:cooked_chicken":7,"minecraft:stone_hoe":2,"minecraft:torch":35,"minecraft:dirt":23,"minecraft:iron_boots":1,"minecraft:bow":6,"minecraft:oak_sapling":1,"minecraft:furnace":6,"minecraft:cooked_cod":6,"minecraft:egg":3,"minecraft:cooked_beef":12,"minecraft:potato":19,"minecraft:cobbled_deepslate":57,"minecraft:cooked_mutton":4,"minecraft:water_bucket":21,"minecraft:stone_pickaxe":194,"minecraft:wooden_pickaxe":3,"minecraft:sugar_cane":7,"minecraft:crafting_table":11,"minecraft:blast_furnace":7,"minecraft:white_bed":4,"minecraft:cod":1,"minecraft:smoker":4,"minecraft:diamond_pickaxe":109,"minecraft:apple":3,"minecraft:oak_button":1,"minecraft:iron_pickaxe":166,"minecraft:pink_petals":1,"minecraft:stone_axe":81,"minecraft:cobblestone":26,"minecraft:cooked_porkchop":10,"minecraft:andesite":1,"minecraft:bucket":22,"minecraft:bone_meal":39},"minecraft:dropped":{"minecraft:wheat_seeds":5,"minecraft:cooked_beef":1,"minecraft:crafting_table":2,"minecraft:dripstone_block":24,"minecraft:feather":8,"minecraft:granite":5,"minecraft:flint":1,"minecraft:stick":4,"minecraft:dirt":13,"minecraft:diorite":15,"minecraft:cooked_cod":8,"minecraft:string":20,"minecraft:pink_petals":14,"minecraft:gravel":6,"minecraft:stone_sword":3,"minecraft:tuff":8,"minecraft:pointed_dripstone":32,"minecraft:rotten_flesh":22,"minecraft:oak_planks":3,"minecraft:gunpowder":2,"minecraft:andesite":2,"minecraft:oak_sapling":3,"minecraft:spider_eye":3,"minecraft:arrow":2,"minecraft:stone_pickaxe":1},"minecraft:crafted":{"minecraft:oak_planks":40,"minecraft:smooth_stone":6,"minecraft:cooked_chicken":7,"minecraft:furnace":4,"minecraft:blast_furnace":2,"minecraft:stone":6,"minecraft:bone_meal":39,"minecraft:cooked_mutton":2,"minecraft:flint_and_steel":1,"minecraft:iron_boots":1,"minecraft:stone_pickaxe":2,"minecraft:chest":2,"minecraft:oak_button":1,"minecraft:stone_hoe":1,"minecraft:smoker":2,"minecraft:cooked_beef":13,"minecraft:cooked_cod":14,"minecraft:cooked_porkchop":12,"minecraft:crafting_table":2,"minecraft:enchanting_table":1,"minecraft:wooden_pickaxe":1,"minecraft:iron_helmet":1,"minecraft:iron_sword":1,"minecraft:bucket":1,"minecraft:stone_axe":1,"minecraft:air":0,"minecraft:book":1,"minecraft:iron_chestplate":1,"minecraft:paper":3,"minecraft:diamond_pickaxe":1,"minecraft:golden_apple":1,"minecraft:shield":2,"minecraft:stick":24,"minecraft:iron_ingot":79,"minecraft:iron_pickaxe":1,"minecraft:stone_sword":2,"minecraft:iron_leggings":1,"minecraft:gold_ingot":22,"minecraft:white_bed":1,"minecraft:torch":32,"minecraft:shears":1},"minecraft:picked_up":{"minecraft:crafting_table":11,"minecraft:chicken":8,"minecraft:lead":2,"minecraft:gold_block":1,"minecraft:string":20,"minecraft:cobbled_deepslate":67,"minecraft:beef":40,"minecraft:sugar_cane":27,"minecraft:furnace":6,"minecraft:egg":3,"minecraft:stick":9,"minecraft:raw_iron":87,"minecraft:torch":3,"minecraft:porkchop":12,"minecraft:pointed_dripstone":32,"minecraft:diorite":15,"minecraft:redstone":10,"minecraft:arrow":12,"minecraft:stone_sword":1,"minecraft:rotten_flesh":22,"minecraft:armadillo_scute":1,"minecraft:obsidian":16,"minecraft:mutton":5,"minecraft:cod":15,"minecraft:cobblestone":105,"minecraft:white_wool":6,"minecraft:pink_petals":15,"minecraft:feather":8,"minecraft:glow_ink_sac":18,"minecraft:andesite":5,"minecraft:leather":13,"minecraft:smoker":4,"minecraft:potato":57,"minecraft:tuff":8,"minecraft:oak_log":38,"minecraft:gunpowder":2,"minecraft:lapis_lazuli":13,"minecraft:dirt":36,"minecraft:cooked_mutton":3,"minecraft:bone":13,"minecraft:apple":4,"minecraft:bow":1,"minecraft:wheat_seeds":5,"minecraft:raw_gold":13,"minecraft:iron_ingot":4,"minecraft:oak_planks":18,"minecraft:cooked_porkchop":23,"minecraft:dripstone_block":24,"minecraft:gravel":6,"minecraft:blast_furnace":7,"minecraft:white_bed":3,"minecraft:spider_eye":3,"minecraft:diamond":7,"minecraft:granite":5,"minecraft:oak_sapling":10,"minecraft:coal":192},"minecraft:killed":{"minecraft:armadillo":2,"minecraft:spider":6,"minecraft:cod":15,"minecraft:skeleton":16,"minecraft:chicken":8,"minecraft:pig":7,"minecraft:bat":1,"minecraft:creeper":1,"minecraft:sheep":3,"minecraft:trader_llama":1,"minecraft:zombie":27,"minecraft:cow":18}},"DataVersion":3953}