{"stats":{"minecraft:mined":{"minecraft:oak_sapling":1,"minecraft:deepslate_diamond_ore":5,"minecraft:crafting_table":3,"minecraft:granite":2,"minecraft:short_grass":3,"minecraft:blast_furnace":1,"minecraft:grass_block":1,"minecraft:diorite":1,"minecraft:redstone_ore":2,"minecraft:furnace":2,"minecraft:iron_ore":34,"minecraft:andesite":1,"minecraft:pointed_dripstone":14,"minecraft:oak_log":38,"minecraft:coal_ore":92,"minecraft:deepslate_iron_ore":7,"minecraft:gravel":7,"minecraft:dripstone_block":32,"minecraft:dirt":1,"minecraft:stone":59,"minecraft:gold_ore":1,"minecraft:oak_leaves":15,"minecraft:deepslate":68},"minecraft:broken":{"minecraft:stone_pickaxe":1,"minecraft:shield":1},"minecraft:killed_by":{"minecraft:skeleton":2},"minecraft:used":{"minecraft:stone_sword":131,"minecraft:stone_pickaxe":194,"minecraft:shield":43,"minecraft:wooden_pickaxe":3,"minecraft:cooked_chicken":6,"minecraft:torch":22,"minecraft:dirt":20,"minecraft:crafting_table":5,"minecraft:blast_furnace":1,"minecraft:apple":3,"minecraft:oak_button":1,"minecraft:iron_pickaxe":132,"minecraft:stone_axe":64,"minecraft:cobblestone":21,"minecraft:bow":6,"minecraft:oak_sapling":1,"minecraft:furnace":4,"minecraft:cooked_porkchop":10,"minecraft:andesite":1,"minecraft:cooked_beef":3,"minecraft:cobbled_deepslate":41},"minecraft:custom":{"minecraft:interact_with_furnace":23,"minecraft:mob_kills":53,"minecraft:interact_with_crafting_table":14,"minecraft:leave_game":3,"minecraft:time_since_death":64603,"minecraft:time_since_rest":64628,"minecraft:sprint_one_cm":142770,"minecraft:damage_taken":2075,"minecraft:walk_one_cm":136234,"minecraft:damage_blocked_by_shield":2886,"minecraft:drop":13,"minecraft:damage_dealt":7623,"minecraft:talked_to_villager":2,"minecraft:fly_one_cm":94884,"minecraft:crouch_one_cm":29986,"minecraft:play_time":67818,"minecraft:deaths":2,"minecraft:sneak_time":12106,"minecraft:jump":876,"minecraft:interact_with_blast_furnace":6,"minecraft:walk_on_water_one_cm":609,"minecraft:total_world_time":67818,"minecraft:fall_one_cm":24565},"minecraft:dropped":{"minecraft:stone_sword":1,"minecraft:crafting_table":1,"minecraft:pointed_dripstone":2,"minecraft:rotten_flesh":2,"minecraft:granite":1,"minecraft:dirt":8,"minecraft:diorite":1,"minecraft:oak_sapling":3,"minecraft:spider_eye":1,"minecraft:arrow":2,"minecraft:stone_pickaxe":1},"minecraft:crafted":{"minecraft:cooked_beef":10,"minecraft:smooth_stone":6,"minecraft:oak_planks":20,"minecraft:cooked_porkchop":10,"minecraft:crafting_table":2,"minecraft:wooden_pickaxe":1,"minecraft:cooked_chicken":7,"minecraft:furnace":4,"minecraft:blast_furnace":2,"minecraft:stone":6,"minecraft:stone_axe":1,"minecraft:air":0,"minecraft:iron_chestplate":1,"minecraft:shield":2,"minecraft:stick":16,"minecraft:iron_ingot":19,"minecraft:iron_pickaxe":1,"minecraft:stone_pickaxe":2,"minecraft:stone_sword":1,"minecraft:oak_button":1,"minecraft:torch":20},"minecraft:picked_up":{"minecraft:crafting_table":4,"minecraft:feather":6,"minecraft:chicken":7,"minecraft:andesite":3,"minecraft:leather":2,"minecraft:lead":2,"minecraft:potato":1,"minecraft:oak_log":38,"minecraft:string":2,"minecraft:dirt":30,"minecraft:bone":13,"minecraft:apple":4,"minecraft:bow":1,"minecraft:cobbled_deepslate":51,"minecraft:raw_gold":1,"minecraft:iron_ingot":4,"minecraft:beef":10,"minecraft:oak_planks":18,"minecraft:furnace":2,"minecraft:egg":2,"minecraft:raw_iron":56,"minecraft:stick":8,"minecraft:torch":2,"minecraft:gravel":6,"minecraft:dripstone_block":24,"minecraft:porkchop":10,"minecraft:blast_furnace":1,"minecraft:pointed_dripstone":32,"minecraft:diorite":2,"minecraft:redstone":10,"minecraft:spider_eye":2,"minecraft:arrow":10,"minecraft:rotten_flesh":17,"minecraft:diamond":5,"minecraft:granite":2,"minecraft:oak_sapling":10,"minecraft:coal":123,"minecraft:cobblestone":81},"minecraft:killed":{"minecraft:pig":5,"minecraft:spider":4,"minecraft:bat":1,"minecraft:creeper":1,"minecraft:skeleton":13,"minecraft:trader_llama":1,"minecraft:zombie":17,"minecraft:chicken":7,"minecraft:cow":4}},"DataVersion":3953}