{"stats":{"minecraft:mined":{"minecraft:short_grass":3,"minecraft:oak_log":15,"minecraft:stone":33,"minecraft:oak_leaves":12,"minecraft:crafting_table":1},"minecraft:picked_up":{"minecraft:crafting_table":1,"minecraft:apple":3,"minecraft:oak_log":15,"minecraft:oak_sapling":3,"minecraft:cobblestone":33},"minecraft:custom":{"minecraft:time_since_rest":3729,"minecraft:crouch_one_cm":1885,"minecraft:play_time":3729,"minecraft:sprint_one_cm":1434,"minecraft:walk_one_cm":9601,"minecraft:sneak_time":1236,"minecraft:jump":35,"minecraft:leave_game":1,"minecraft:time_since_death":3729,"minecraft:total_world_time":3729,"minecraft:interact_with_crafting_table":4,"minecraft:fall_one_cm":269,"minecraft:fly_one_cm":429},"minecraft:crafted":{"minecraft:stone_sword":1,"minecraft:furnace":2,"minecraft:oak_planks":16,"minecraft:stone_axe":1,"minecraft:crafting_table":1,"minecraft:stick":8,"minecraft:wooden_pickaxe":1,"minecraft:stone_pickaxe":1},"minecraft:used":{"minecraft:stone_axe":14,"minecraft:crafting_table":1,"minecraft:oak_sapling":3,"minecraft:stone_pickaxe":30,"minecraft:wooden_pickaxe":3}},"DataVersion":3953}